Id,UserId,IsFrozen
0Ywb0000000K5BWCA0,005b0000000gApmAAE,TRUE
0Ywb0000000K5BZCA0,005b0000000gAppAAE,TRUE
0Ywb0000000K5BbCAK,005b0000000gAprAAE,TRUE
0Ywb0000000K5BcCAK,005b0000000gApsAAE,TRUE
0Ywb0000000K5BdCAK,005b0000000gAptAAE,TRUE
0Ywb0000000K5DYCA0,005b0000000gAroAAE,TRUE
0Ywb0000000K5DZCA0,005b0000000gArpAAE,TRUE
0Ywb0000000K5DbCAK,005b0000000gArrAAE,TRUE
0Ywb0000000tLKgCAM,005b0000001BJXFAA4,TRUE
0Ywb0000000tLKqCAM,005b0000001BJXPAA4,TRUE
0Ywb0000000tiPeCAI,005b0000001Bgq7AAC,TRUE
0Ywb0000001NjCgCAK,005b0000001bZUzAAM,TRUE
0Yw0N000005HhqdSAC,0050N000006o85iQAA,TRUE
0Yw0N000005HjjySAC,0050N000006oASgQAM,TRUE
0Yw0N000005HjlLSAS,0050N000006oAU3QAM,TRUE
0Yw0N000005HmuaSAC,0050N000006oETpQAM,TRUE
0Yw0N000005HmvOSAS,0050N000006oEUdQAM,TRUE
0Yw0N000005HqGjSAK,0050N000006oIBfQAM,TRUE
0Yw0N000005HqaUSAS,0050N000006oImGQAU,TRUE
0Yw0N000005HrUrSAK,0050N000006oJlKQAU,TRUE
0Yw0N000005HrVQSA0,0050N000006oJltQAE,TRUE
0Yw0N000005HsYGSA0,0050N000006oL33QAE,TRUE
0Ywb0000000K557CAC,005b0000000gAjNAAU,TRUE
0Ywb0000000K57HCAS,005b0000000gAlXAAU,TRUE
0Ywb0000000K57ICAS,005b0000000gAlYAAU,TRUE
0Ywb0000000K57OCAS,005b0000000gAleAAE,TRUE
0Ywb0000000K57PCAS,005b0000000gAlfAAE,TRUE
0Ywb0000000K59YCAS,005b0000000gAnoAAE,TRUE
0Ywb0000000K59bCAC,005b0000000gAnrAAE,TRUE
0Ywb0000000K59dCAC,005b0000000gAntAAE,TRUE
0Ywb0000000K59fCAC,005b0000000gAnvAAE,TRUE
0Ywb0000000K5BgCAK,005b0000000gApwAAE,TRUE
0Ywb0000000K5DhCAK,005b0000000gArxAAE,TRUE
0Ywb0000000K5DmCAK,005b0000000gAs2AAE,TRUE
0Ywb0000000K5DoCAK,005b0000000gAs4AAE,TRUE
0Ywb0000001btYpCAI,005b0000001yDIdAAM,TRUE
0Ywb0000001btYuCAI,005b0000001yDIiAAM,TRUE
0Yw0N000005HsYLSA0,0050N000006oL38QAE,TRUE
0Yw0N000005HuGxSAK,0050N000006oN2uQAE,TRUE
0Yw0N000005HuH2SAK,0050N000006oN2zQAE,TRUE
0Yw0N000005HuHHSA0,0050N000006oN3EQAU,TRUE
0Yw0N000005HuHMSA0,0050N000006oN3JQAU,TRUE
0Yw0N000005HuHRSA0,0050N000006oN3TQAU,TRUE
0Yw0N000005Hw6uSAC,0050N000006oQ6xQAE,TRUE
0Yw0N000005I0KgSAK,0050N000006oW7NQAU,TRUE
0Ywb0000000K558CAC,005b0000000gAjOAAU,TRUE
0Ywb0000000K55CCAS,005b0000000gAjSAAU,TRUE
0Ywb0000000K55FCAS,005b0000000gAjVAAU,TRUE
0Ywb0000000K57QCAS,005b0000000gAlgAAE,TRUE
0Ywb0000000K57RCAS,005b0000000gAlhAAE,TRUE
0Ywb0000000K57WCAS,005b0000000gAlmAAE,TRUE
0Ywb0000000K59iCAC,005b0000000gAnyAAE,TRUE
0Ywb0000000K59jCAC,005b0000000gAnzAAE,TRUE
0Ywb0000000K59lCAC,005b0000000gAo1AAE,TRUE
0Ywb0000000K59mCAC,005b0000000gAo2AAE,TRUE
0Ywb0000000K5BnCAK,005b0000000gAq3AAE,TRUE
0Ywb0000000K5BoCAK,005b0000000gAq4AAE,TRUE
0Ywb0000000K5BtCAK,005b0000000gAq9AAE,TRUE
0Ywb0000000K5DwCAK,005b0000000gAsCAAU,TRUE
0Ywb0000000K5DxCAK,005b0000000gAsDAAU,TRUE
0Ywb0000000K5E0CAK,005b0000000gAsGAAU,TRUE
0Ywb0000000v9YGCAY,005b0000001D9Q9AAK,TRUE
0Ywb0000000v9vACAQ,005b0000001D9nXAAS,TRUE
0Ywb0000001OZN7CAO,005b0000001cQ9fAAE,TRUE
0Ywb0000001btZnCAI,005b0000001yDJgAAM,TRUE
0Yw0N000005I0L0SAK,0050N000006oW7hQAE,TRUE
0Yw0N000005I0LASA0,0050N000006oW7rQAE,TRUE
0Yw0N000005I0rpSAC,0050N000006oX03QAE,TRUE
0Yw0N000005I6LGSA0,0050N000006odacQAA,TRUE
0Yw0N000005I7qKSAS,0050N000006ofmuQAA,TRUE
0Yw0N000005I7qUSAS,0050N000006ofn4QAA,TRUE
0Yw0N000005IBmlSAG,0050N000006ojwSQAQ,TRUE
0Yw0N000005IBo8SAG,0050N000006ojxpQAA,TRUE
0Yw0N000005CnteSAC,0050N000007sCQpQAM,TRUE
0Yw0N000005CntjSAC,0050N000007sCQuQAM,TRUE
0Yw0N000005CntoSAC,0050N000007sCQzQAM,TRUE
0Yw0N000005CnttSAC,0050N000007sCR4QAM,TRUE
0Yw0N000005CntySAC,0050N000007sCR9QAM,TRUE
0Yw0N000005Cnu3SAC,0050N000007sCREQA2,TRUE
0Yw0N000005Cnu8SAC,0050N000007sCRJQA2,TRUE
0Yw0N000005CnuDSAS,0050N000007sCROQA2,TRUE
0Yw0N000005CnuISAS,0050N000007sCRTQA2,TRUE
0Yw0N000005CnuNSAS,0050N000007sCRYQA2,TRUE
0Ywb0000000HMByCAO,005b0000000dA5FAAU,TRUE
0Ywb0000000HMCDCA4,005b0000000dA5UAAU,TRUE
0Ywb0000000HMCSCA4,005b0000000dA5jAAE,TRUE
0Ywb0000000K57fCAC,005b0000000gAlvAAE,TRUE
0Ywb0000000K57jCAC,005b0000000gAlzAAE,TRUE
0Ywb0000000K59pCAC,005b0000000gAo5AAE,TRUE
0Ywb0000000K59qCAC,005b0000000gAo6AAE,TRUE
0Ywb0000000K59sCAC,005b0000000gAo8AAE,TRUE
0Ywb0000000K59tCAC,005b0000000gAo9AAE,TRUE
0Ywb0000000K59uCAC,005b0000000gAoAAAU,TRUE
0Ywb0000000K5BzCAK,005b0000000gAqFAAU,TRUE
0Ywb0000000K5C0CAK,005b0000000gAqGAAU,TRUE
0Ywb0000000K5C1CAK,005b0000000gAqHAAU,TRUE
0Ywb0000000K5C3CAK,005b0000000gAqJAAU,TRUE
0Ywb0000000K5C5CAK,005b0000000gAqLAAU,TRUE
0Ywb0000000K5E1CAK,005b0000000gAsHAAU,TRUE
0Ywb0000000K5E3CAK,005b0000000gAsJAAU,TRUE
0Ywb0000000K5E6CAK,005b0000000gAsMAAU,TRUE
0Ywb0000000K5E7CAK,005b0000000gAsNAAU,TRUE
0Ywb0000000vIo0CAE,005b0000001DIocAAG,TRUE
0Ywb0000000vIo6CAE,005b0000001DIoiAAG,TRUE
0Ywb0000001Og7uCAC,005b0000001cX0kAAE,TRUE
0Ywb0000001Or43CAC,005b0000001ciXzAAI,TRUE
0Ywb0000001P723CAC,005b0000001cycWAAQ,TRUE
0Ywb0000001cAgHCAU,005b0000002RrkjAAC,TRUE
0Yw0N000005IBohSAG,0050N000006ojyOQAQ,TRUE
0Yw0N000005IEQdSAO,0050N000006onbNQAQ,TRUE
0Yw0N000005IEQnSAO,0050N000006onbXQAQ,TRUE
0Yw0N000005IEQxSAO,0050N000006onbhQAA,TRUE
0Yw0N000005IERMSA4,0050N000006onkMQAQ,TRUE
0Yw0N000005IERWSA4,0050N000006onkWQAQ,TRUE
0Yw0N000005IERgSAO,0050N000006onkgQAA,TRUE
0Yw0N000005IES0SAO,0050N000006onl0QAA,TRUE
0Yw0N000005IESZSA4,0050N000006onlZQAQ,TRUE
0Yw0N000005CnuSSAS,0050N000007sCRdQAM,TRUE
0Yw0N000005CnuwSAC,0050N000007sCSCQA2,TRUE
0Yw0N000005Cnv1SAC,0050N000007sCSHQA2,TRUE
0Yw0N000005Cnv6SAC,0050N000007sCSMQA2,TRUE
0Yw0N000005CnvBSAS,0050N000007sCSRQA2,TRUE
0Yw0N000005CnvGSAS,0050N000007sCSWQA2,TRUE
0Yw0N000005CnvLSAS,0050N000007sCSbQAM,TRUE
0Yw0N000005CnvQSAS,0050N000007sCSgQAM,TRUE
0Yw0N000005CnvVSAS,0050N000007sCSlQAM,TRUE
0Yw0N000005CnvaSAC,0050N000007sCSqQAM,TRUE
0Yw0N000005CnvfSAC,0050N000007sCSvQAM,TRUE
0Yw0N000005CnvkSAC,0050N000007sCT0QAM,TRUE
0Ywb0000000K57lCAC,005b0000000gAm1AAE,TRUE
0Ywb0000000K57qCAC,005b0000000gAm6AAE,TRUE
0Ywb0000000K5A4CAK,005b0000000gAoKAAU,TRUE
0Ywb0000000K5A5CAK,005b0000000gAoLAAU,TRUE
0Ywb0000000K5C6CAK,005b0000000gAqMAAU,TRUE
0Ywb0000000K5C7CAK,005b0000000gAqNAAU,TRUE
0Ywb0000000K5C8CAK,005b0000000gAqOAAU,TRUE
0Ywb0000000K5CBCA0,005b0000000gAqRAAU,TRUE
0Ywb0000000K5CCCA0,005b0000000gAqSAAU,TRUE
0Ywb0000000K5EACA0,005b0000000gAsQAAU,TRUE
0Ywb0000000K5EDCA0,005b0000000gAsTAAU,TRUE
0Ywb0000000K5EECA0,005b0000000gAsUAAU,TRUE
0Ywb0000000vIoDCAU,005b0000001DIopAAG,TRUE
0Yw0N000005AaQLSA0,0050N000005wS4LQAU,TRUE
0Yw0N000005AaRJSA0,0050N000005wS5JQAU,TRUE
0Yw0N000005AaSRSA0,0050N000005wS6RQAU,TRUE
0Yw0N000005AaSWSA0,0050N000005wS6WQAU,TRUE
0Yw0N000005AaSbSAK,0050N000005wS6bQAE,TRUE
0Yw0N000005AaSgSAK,0050N000005wS6gQAE,TRUE
0Yw0N000005AaSlSAK,0050N000005wS6lQAE,TRUE
0Yw0N000005AdiXSAS,0050N000005wVNuQAM,TRUE
0Yw0N000005IESoSAO,0050N000006onloQAA,TRUE
0Yw0N000005ILVGSA4,0050N000006ovrkQAA,TRUE
0Yw0N000005ILntSAG,0050N000006owIdQAI,TRUE
0Yw0N000005IM0JSAW,0050N000006owVNQAY,TRUE
0Yw0N000005IOD0SAO,0050N000006oz1yQAA,TRUE
0Yw0N000005IODFSA4,0050N000006oz2DQAQ,TRUE
0Yw0N000005CvEKSA0,0050N000007sJmsQAE,TRUE
0Yw0N000005CvU3SAK,0050N000007sK3AQAU,TRUE
0Yw0N000005CvU8SAK,0050N000007sK3FQAU,TRUE
0Yw0N000005CvUDSA0,0050N000007sK3KQAU,TRUE
0Yw0N000005CwNmSAK,0050N000007sKxhQAE,TRUE
0Yw0N000005CwagSAC,0050N000007sLAqQAM,TRUE
0Yw0N000005CwalSAC,0050N000007sLAvQAM,TRUE
0Yw0N000005CwaqSAC,0050N000007sLB0QAM,TRUE
0Yw0N000005D7ZUSA0,0050N000007sWCiQAM,TRUE
0Yw0N0000061al4SAA,0050N000007sdetQAA,TRUE
0Yw0N0000061al9SAA,0050N000007sdeyQAA,TRUE
0Ywb0000000HNi5CAG,005b0000000dBl4AAE,TRUE
0Ywb0000000K57vCAC,005b0000000gAmBAAU,TRUE
0Ywb0000000K57yCAC,005b0000000gAmEAAU,TRUE
0Ywb0000000K5A9CAK,005b0000000gAoPAAU,TRUE
0Ywb0000000K5AACA0,005b0000000gAoQAAU,TRUE
0Ywb0000000K5ACCA0,005b0000000gAoSAAU,TRUE
0Ywb0000000K5AECA0,005b0000000gAoUAAU,TRUE
0Ywb0000000K5AGCA0,005b0000000gAoWAAU,TRUE
0Ywb0000000K5CGCA0,005b0000000gAqWAAU,TRUE
0Ywb0000000K5CHCA0,005b0000000gAqXAAU,TRUE
0Ywb0000000K5CICA0,005b0000000gAqYAAU,TRUE
0Ywb0000000K5EKCA0,005b0000000gAsaAAE,TRUE
0Ywb0000000K5EMCA0,005b0000000gAscAAE,TRUE
0Ywb0000000K5EPCA0,005b0000000gAsfAAE,TRUE
0Yw0N000005AhRkSAK,0050N000005wZ7HQAU,TRUE
0Yw0N000005AhRpSAK,0050N000005wZ7MQAU,TRUE
0Yw0N000005AhRuSAK,0050N000005wZ7RQAU,TRUE
0Yw0N000005Ak1VSAS,0050N000005wbijQAA,TRUE
0Yw0N000005Ak1aSAC,0050N000005wbioQAA,TRUE
0Yw0N000005AnLiSAK,0050N000005wf49QAA,TRUE
0Yw0N000005AnMqSAK,0050N000005wf5HQAQ,TRUE
0Yw0N000005IOyzSAG,0050N000006ozxuQAA,TRUE
0Yw0N000005IOz4SAG,0050N000006ozxzQAA,TRUE
0Yw0N000005IOz9SAG,0050N000006ozy4QAA,TRUE
0Yw0N000005IOzESAW,0050N000006ozy9QAA,TRUE
0Yw0N000005IOzJSAW,0050N000006ozyEQAQ,TRUE
0Yw0N000005IOzOSAW,0050N000006ozyJQAQ,TRUE
0Yw0N000005IOzYSAW,0050N000006ozyTQAQ,TRUE
0Yw0N000005IOzdSAG,0050N000006ozyYQAQ,TRUE
0Yw0N000005IOziSAG,0050N000006ozydQAA,TRUE
0Yw0N000005IOznSAG,0050N000006ozyiQAA,TRUE
0Yw0N0000061auQSAQ,0050N000007sdotQAA,TRUE
0Yw0N0000061efUSAQ,0050N000007shavQAA,TRUE
0Yw0N0000061efZSAQ,0050N000007shb0QAA,TRUE
0Yw0N0000061wL3SAI,0050N000007szM3QAI,TRUE
0Yw0N0000061wLhSAI,0050N000007szMmQAI,TRUE
0Yw0N0000061xBdSAI,0050N000007t0DCQAY,TRUE
0Yw0N0000061xBiSAI,0050N000007t0DHQAY,TRUE
0Yw0N0000061xlCSAQ,0050N000007t0mlQAA,TRUE
0Yw0N000006255JSAQ,0050N000007t87RQAQ,TRUE
0Yw0N000006255OSAQ,0050N000007t87WQAQ,TRUE
0Yw0N000006255TSAQ,0050N000007t87bQAA,TRUE
0Yw0N00000629LuSAI,0050N000007tCP0QAM,TRUE
0Ywb0000000HcwWCAS,005b0000000dTKoAAM,TRUE
0Ywb0000000K55pCAC,005b0000000gAk5AAE,TRUE
0Ywb0000000K55rCAC,005b0000000gAk7AAE,TRUE
0Ywb0000000K586CAC,005b0000000gAmMAAU,TRUE
0Ywb0000000K5AHCA0,005b0000000gAoXAAU,TRUE
0Ywb0000000K5CPCA0,005b0000000gAqfAAE,TRUE
0Ywb0000000K5CVCA0,005b0000000gAqlAAE,TRUE
0Ywb0000000K5EUCA0,005b0000000gAskAAE,TRUE
0Ywb0000001YxVACA0,005b0000001vEcUAAU,TRUE
0Ywb0000001YyKDCA0,005b0000001vFTOAA2,TRUE
0Yw0N000005AnR2SAK,0050N000005wf9dQAA,TRUE
0Yw0N000005AnSjSAK,0050N000005wfBPQAY,TRUE
0Yw0N000005BNuySAG,0050N000005xFgnQAE,TRUE
0Yw0N000005BNv3SAG,0050N000005xFgsQAE,TRUE
0Yw0N000005BNvDSAW,0050N000005xFh2QAE,TRUE
0Yw0N000005IP02SAG,0050N000006ozyxQAA,TRUE
0Yw0N000005IP07SAG,0050N000006ozz2QAA,TRUE
0Yw0N000005IP0HSAW,0050N000006ozzCQAQ,TRUE
0Yw0N000005IQCOSA4,0050N000006p25FQAQ,TRUE
0Yw0N000005IQDgSAO,0050N000006p26cQAA,TRUE
0Yw0N000005IUMwSAO,0050N000006p7wcQAA,TRUE
0Yw0N0000062L3iSAE,0050N000007tO7DQAU,TRUE
0Yw0N0000062LIsSAM,0050N000007tOMcQAM,TRUE
0Yw0N0000062OX2SAM,0050N000007tRbpQAE,TRUE
0Yw0N0000062OX7SAM,0050N000007tRbuQAE,TRUE
0Yw0N0000062OXCSA2,0050N000007tRbzQAE,TRUE
0Yw0N0000062OXMSA2,0050N000007tRc9QAE,TRUE
0Yw0N0000062OXWSA2,0050N000007tRcJQAU,TRUE
0Yw0N0000062OXbSAM,0050N000007tRcOQAU,TRUE
0Yw0N0000062OXgSAM,0050N000007tRcTQAU,TRUE
0Yw0N0000062OXlSAM,0050N000007tRcYQAU,TRUE
0Yw0N0000062OXvSAM,0050N000007tRciQAE,TRUE
0Ywb0000000K58CCAS,005b0000000gAmSAAU,TRUE
0Ywb0000000K58DCAS,005b0000000gAmTAAU,TRUE
0Ywb0000000K58ICAS,005b0000000gAmYAAU,TRUE
0Ywb0000000K5AaCAK,005b0000000gAoqAAE,TRUE
0Ywb0000000K5CXCA0,005b0000000gAqnAAE,TRUE
0Ywb0000000K5CZCA0,005b0000000gAqpAAE,TRUE
0Ywb0000000K5CdCAK,005b0000000gAqtAAE,TRUE
0Ywb0000000K5EdCAK,005b0000000gAstAAE,TRUE
0Ywb0000000K5PuCAK,005b0000000gB4FAAU,TRUE
0Ywb0000000K5PxCAK,005b0000000gB4IAAU,TRUE
0Ywb0000000K9oKCAS,005b0000000gGACAA2,TRUE
0Ywb0000001ZXfLCAW,005b0000001vpJzAAI,TRUE
0Ywb0000001ZXkaCAG,005b0000001vpP9AAI,TRUE
0Ywb0000001ZmVaCAK,005b0000001w4NhAAI,TRUE
0Yw0N000005BNvhSAG,0050N000005xFhWQAU,TRUE
0Yw0N000005BdB1SAK,0050N000005xUxyQAE,TRUE
0Yw0N000005BdB6SAK,0050N000005xUy3QAE,TRUE
0Yw0N000005BdBBSA0,0050N000005xUy8QAE,TRUE
0Yw0N000005IUN1SAO,0050N000006p7whQAA,TRUE
0Yw0N000005IhZPSA0,0050N000006pLdWQAU,TRUE
0Yw0N000005IhZUSA0,0050N000006pLdbQAE,TRUE
0Yw0N000005IhZeSAK,0050N000006pLdlQAE,TRUE
0Yw0N0000062OY0SAM,0050N000007tRcnQAE,TRUE
0Yw0N0000062OY5SAM,0050N000007tRcsQAE,TRUE
0Yw0N0000062OZcSAM,0050N000007tReUQAU,TRUE
0Yw0N0000062OZhSAM,0050N000007tReZQAU,TRUE
0Yw0N0000062OZmSAM,0050N000007tReeQAE,TRUE
0Yw0N0000062OZrSAM,0050N000007tRejQAE,TRUE
0Yw0N0000062Oa1SAE,0050N000007tRetQAE,TRUE
0Yw0N0000062Oa6SAE,0050N000007tReyQAE,TRUE
0Yw0N0000062OaBSAU,0050N000007tRf3QAE,TRUE
0Yw0N0000062OaLSAU,0050N000007tRfDQAU,TRUE
0Yw0N0000062OpaSAE,0050N000007tRuSQAU,TRUE
0Yw0N0000062OpfSAE,0050N000007tRuXQAU,TRUE
0Ywb0000000I7ScCAK,005b0000000e0ayAAA,TRUE
0Ywb0000000IeANCA0,005b0000000eZCjAAM,TRUE
0Ywb0000000IeAOCA0,005b0000000eZCkAAM,TRUE
0Ywb0000000K566CAC,005b0000000gAkMAAU,TRUE
0Ywb0000000K569CAC,005b0000000gAkPAAU,TRUE
0Ywb0000000K58MCAS,005b0000000gAmcAAE,TRUE
0Ywb0000000K58RCAS,005b0000000gAmhAAE,TRUE
0Ywb0000000K5AcCAK,005b0000000gAosAAE,TRUE
0Ywb0000000K5AeCAK,005b0000000gAouAAE,TRUE
0Ywb0000000K5AkCAK,005b0000000gAp0AAE,TRUE
0Ywb0000000K5CjCAK,005b0000000gAqzAAE,TRUE
0Ywb0000000K5ClCAK,005b0000000gAr1AAE,TRUE
0Ywb0000000KAIZCA4,005b0000000gGnVAAU,TRUE
0Ywb0000000wNN9CAM,005b0000001ZMiKAAW,TRUE
0Yw0N000005BdCOSA0,0050N000005xUzQQAU,TRUE
0Yw0N000005BdCTSA0,0050N000005xUzVQAU,TRUE
0Yw0N000005BdCYSA0,0050N000005xUzaQAE,TRUE
0Yw0N000005BdCdSAK,0050N000005xUzfQAE,TRUE
0Yw0N000005BdDgSAK,0050N000005xV0iQAE,TRUE
0Yw0N000005BdJeSAK,0050N000005xV6vQAE,TRUE
0Yw0N000005BdMdSAK,0050N000005xV9zQAE,TRUE
0Yw0N000005BeqASAS,0050N000005xWdlQAE,TRUE
0Yw0N000005BeqFSAS,0050N000005xWdqQAE,TRUE
0Yw0N000005BgF1SAK,0050N000005xY4xQAE,TRUE
0Yw0N000005BgFGSA0,0050N000005xY5CQAU,TRUE
0Yw0N000005BgFLSA0,0050N000005xY5HQAU,TRUE
0Yw0N000005BgFQSA0,0050N000005xY5MQAU,TRUE
0Yw0N000005BgFVSA0,0050N000005xY5RQAU,TRUE
0Yw0N000005BgFaSAK,0050N000005xY5WQAU,TRUE
0Yw0N000005BgFfSAK,0050N000005xY5bQAE,TRUE
0Yw0N000005IhZtSAK,0050N000006pLe5QAE,TRUE
0Yw0N000005IhgVSAS,0050N000006pLl6QAE,TRUE
0Yw0N000005IpnySAC,0050N000006pTx5QAE,TRUE
0Yw0N000005Iqr3SAC,0050N000006pV4vQAE,TRUE
0Yw0N000005Iqr8SAC,0050N000006pV50QAE,TRUE
0Yw0N000005IqrDSAS,0050N000006pV55QAE,TRUE
0Yw0N000005CHGkSAO,0050N000007repzQAA,TRUE
0Yw0N000005CHQBSA4,0050N000007rf7gQAA,TRUE
0Yw0N000005CHQLSA4,0050N000007rf7vQAA,TRUE
0Yw0N000005CHQQSA4,0050N000007rf80QAA,TRUE
0Yw0N000005CHQfSAO,0050N000007rf8FQAQ,TRUE
0Yw0N0000062OppSAE,0050N000007tRuhQAE,TRUE
0Yw0N0000062OpuSAE,0050N000007tRumQAE,TRUE
0Yw0N0000062OpzSAE,0050N000007tRurQAE,TRUE
0Yw0N0000062Oq4SAE,0050N000007tRuwQAE,TRUE
0Yw0N0000062Oq9SAE,0050N000007tRv1QAE,TRUE
0Yw0N0000062ZRtSAM,0050N000007tcZ1QAI,TRUE
0Yw0N0000062ZRySAM,0050N000007tcZ6QAI,TRUE
0Yw0N0000062ZS3SAM,0050N000007tcZBQAY,TRUE
0Yw0N0000062ZS8SAM,0050N000007tcZGQAY,TRUE
0Yw0N0000062ZSDSA2,0050N000007tcZLQAY,TRUE
0Yw0N0000062ZSNSA2,0050N000007tcZVQAY,TRUE
0Yw0N0000062ZSSSA2,0050N000007tcZaQAI,TRUE
0Ywb0000000IeAQCA0,005b0000000eZCmAAM,TRUE
0Ywb0000000IeARCA0,005b0000000eZCnAAM,TRUE
0Ywb0000000IeASCA0,005b0000000eZCoAAM,TRUE
0Ywb0000000IeATCA0,005b0000000eZCpAAM,TRUE
0Ywb0000000K56GCAS,005b0000000gAkWAAU,TRUE
0Ywb0000000K56KCAS,005b0000000gAkaAAE,TRUE
0Ywb0000000K58UCAS,005b0000000gAmkAAE,TRUE
0Ywb0000000K58XCAS,005b0000000gAmnAAE,TRUE
0Ywb0000000K58aCAC,005b0000000gAmqAAE,TRUE
0Ywb0000000K5CpCAK,005b0000000gAr5AAE,TRUE
0Ywb0000000K5CrCAK,005b0000000gAr7AAE,TRUE
0Ywb0000000K5CsCAK,005b0000000gAr8AAE,TRUE
0Ywb0000000KBmMCAW,005b0000000gIa9AAE,TRUE
0Ywb0000000wNUjCAM,005b0000001ZMq9AAG,TRUE
0Ywb0000001ZqNkCAK,005b0000001w8JFAAY,TRUE
0Ywb0000001a4nNCAQ,005b0000001wMnxAAE,TRUE
0Yw0N000005BeqeSAC,0050N000005xWeFQAU,TRUE
0Yw0N000005BeqjSAC,0050N000005xWeKQAU,TRUE
0Yw0N000005BeqoSAC,0050N000005xWePQAU,TRUE
0Yw0N000005BeqySAC,0050N000005xWeZQAU,TRUE
0Yw0N000005Ber8SAC,0050N000005xWejQAE,TRUE
0Yw0N000005BerDSAS,0050N000005xWeoQAE,TRUE
0Yw0N000005BerISAS,0050N000005xWetQAE,TRUE
0Yw0N000005BerXSAS,0050N000005xWf8QAE,TRUE
0Yw0N000005BevjSAC,0050N000005xWjUQAU,TRUE
0Yw0N000005BfHQSA0,0050N000005xX6OQAU,TRUE
0Yw0N000005BgFkSAK,0050N000005xY5gQAE,TRUE
0Yw0N000005BgusSAC,0050N000005xYobQAE,TRUE
0Yw0N000005BguxSAC,0050N000005xYogQAE,TRUE
0Yw0N000005Bgv2SAC,0050N000005xYolQAE,TRUE
0Yw0N000005Bgv7SAC,0050N000005xYoqQAE,TRUE
0Yw0N000005BgvHSAS,0050N000005xYp0QAE,TRUE
0Yw0N000005BgvMSAS,0050N000005xYp5QAE,TRUE
0Yw0N000005BgvRSAS,0050N000005xYpAQAU,TRUE
0Yw0N000005Bj38SAC,0050N000005xawrQAA,TRUE
0Yw0N000005BkvBSAS,0050N000005xcs3QAA,TRUE
0Yw0N000005CHQkSAO,0050N000007rf8KQAQ,TRUE
0Yw0N000005CHR9SAO,0050N000007rf8jQAA,TRUE
0Yw0N000005CHRYSA4,0050N000007rf98QAA,TRUE
0Yw0N000005CJK0SAO,0050N000007rh9vQAA,TRUE
0Yw0N000005CJPtSAO,0050N000007rhFoQAI,TRUE
0Yw0N000005CNiQSAW,0050N000007rld2QAA,TRUE
0Yw0N000005CNjnSAG,0050N000007rliXQAQ,TRUE
0Yw0N000005CNqySAG,0050N000007rlpnQAA,TRUE
0Yw0N000005CO0KSAW,0050N000007rlzYQAQ,TRUE
0Yw0N000005CSmXSAW,0050N000007rr81QAA,TRUE
0Yw0N000005CUZ1SAO,0050N000007rsvEQAQ,TRUE
0Yw0N0000062ZShSAM,0050N000007tcZpQAI,TRUE
0Yw0N0000062ZSmSAM,0050N000007tcZuQAI,TRUE
0Yw0N0000062ZSrSAM,0050N000007tcZzQAI,TRUE
0Yw0N0000062ZSwSAM,0050N000007tca4QAA,TRUE
0Yw0N0000062ZT1SAM,0050N000007tca9QAA,TRUE
0Yw0N0000062ZT6SAM,0050N000007tcaEQAQ,TRUE
0Yw0N0000062ZTBSA2,0050N000007tcaJQAQ,TRUE
0Yw0N0000062ZTGSA2,0050N000007tcaOQAQ,TRUE
0Yw0N0000062ZTLSA2,0050N000007tcaTQAQ,TRUE
0Yw0N0000062ZTQSA2,0050N000007tcaYQAQ,TRUE
0Yw0N0000062ZTVSA2,0050N000007tcadQAA,TRUE
0Yw0N0000062ZTaSAM,0050N000007tcaiQAA,TRUE
0Ywb0000000K56PCAS,005b0000000gAkfAAE,TRUE
0Ywb0000000K56QCAS,005b0000000gAkgAAE,TRUE
0Ywb0000000K56TCAS,005b0000000gAkjAAE,TRUE
0Ywb0000000K56VCAS,005b0000000gAklAAE,TRUE
0Ywb0000000K58kCAC,005b0000000gAn0AAE,TRUE
0Ywb0000000K58lCAC,005b0000000gAn1AAE,TRUE
0Ywb0000000K5CzCAK,005b0000000gArFAAU,TRUE
0Ywb0000000K5D2CAK,005b0000000gArIAAU,TRUE
0Ywb0000000K5D3CAK,005b0000000gArJAAU,TRUE
0Ywb0000000K5D5CAK,005b0000000gArLAAU,TRUE
0Ywb0000000KDHyCAO,005b0000000gKH5AAM,TRUE
0Ywb0000001aF0qCAE,005b0000001wXJFAA2,TRUE
0Yw0N000005BfJMSA0,0050N000005xX8KQAU,TRUE
0Yw0N000005BfJRSA0,0050N000005xX8PQAU,TRUE
0Yw0N000005BfJbSAK,0050N000005xX8ZQAU,TRUE
0Yw0N000005BgCqSAK,0050N000005xY2cQAE,TRUE
0Yw0N000005BgDKSA0,0050N000005xY36QAE,TRUE
0Yw0N000005BgDPSA0,0050N000005xY3BQAU,TRUE
0Yw0N000005BgDUSA0,0050N000005xY3GQAU,TRUE
0Yw0N000005BkvaSAC,0050N000005xcshQAA,TRUE
0Yw0N000005BkvfSAC,0050N000005xcsmQAA,TRUE
0Yw0N000005BkyoSAC,0050N000005xcvvQAA,TRUE
0Yw0N000005BlUfSAK,0050N000005xdalQAA,TRUE
0Yw0N000005BnJ5SAK,0050N000005xftwQAA,TRUE
0Yw0N000005BzWaSAK,0050N000005xsGkQAI,TRUE
0Yw0N000005BzWfSAK,0050N000005xsGpQAI,TRUE
0Yw0N000005BzWkSAK,0050N000005xsGuQAI,TRUE
0Yw0N000005BzXdSAK,0050N000005xsHsQAI,TRUE
0Yw0N000005BzeKSAS,0050N000005xsX9QAI,TRUE
0Yw0N000005CV0gSAG,0050N000007rtNSQAY,TRUE
0Yw0N000005CV0qSAG,0050N000007rtNcQAI,TRUE
0Yw0N000005CV1ASAW,0050N000007rtNwQAI,TRUE
0Yw0N000005CV5bSAG,0050N000007rtScQAI,TRUE
0Yw0N000005Ccc8SAC,0050N000007s11KQAQ,TRUE
0Yw0N000005CccDSAS,0050N000007s11PQAQ,TRUE
0Yw0N000005CccISAS,0050N000007s11UQAQ,TRUE
0Yw0N000005CciBSAS,0050N000007s17wQAA,TRUE
0Yw0N000005CeZkSAK,0050N000007s333QAA,TRUE
0Yw0N000005CemFSAS,0050N000007s3G7QAI,TRUE
0Yw0N0000062ZUxSAM,0050N000007tccAQAQ,TRUE
0Yw0N0000062Zl5SAE,0050N000007tcsXQAQ,TRUE
0Yw0N0000062ZlASAU,0050N000007tcscQAA,TRUE
0Yw0N0000062ZlFSAU,0050N000007tcshQAA,TRUE
0Yw0N0000062ZlKSAU,0050N000007tcsmQAA,TRUE
0Yw0N0000062bbvSAA,0050N000007tekfQAA,TRUE
0Yw0N0000062dO0SAI,0050N000007tgXJQAY,TRUE
0Yw0N0000062dO5SAI,0050N000007tgXOQAY,TRUE
0Yw0N0000062dOFSAY,0050N000007tgXYQAY,TRUE
0Yw0N0000062dOKSAY,0050N000007tgXiQAI,TRUE
0Yw0N0000062dOPSAY,0050N000007tgXnQAI,TRUE
0Ywb0000000K56YCAS,005b0000000gAkoAAE,TRUE
0Ywb0000000K58nCAC,005b0000000gAn3AAE,TRUE
0Ywb0000000K58qCAC,005b0000000gAn6AAE,TRUE
0Ywb0000000K58uCAC,005b0000000gAnAAAU,TRUE
0Ywb0000000K5DDCA0,005b0000000gArTAAU,TRUE
0Ywb0000000K5DECA0,005b0000000gArUAAU,TRUE
0Ywb0000000KR74CAG,005b0000000gYlqAAE,TRUE
0Ywb0000000KR8RCAW,005b0000000gYnDAAU,TRUE
0Ywb0000000wbq0CAA,005b0000001ZbUEAA0,TRUE
0Ywb0000001aF9dCAE,005b0000001wXSMAA2,TRUE
0Yw0N000005BzeUSAS,0050N000005xsXJQAY,TRUE
0Yw0N000005BzrJSAS,0050N000005xsx0QAA,TRUE
0Yw0N000005C0ABSA0,0050N000005xtK5QAI,TRUE
0Yw0N000005C0DFSA0,0050N000005xtN9QAI,TRUE
0Yw0N000005C0DPSA0,0050N000005xtNJQAY,TRUE
0Yw0N000005C0DZSA0,0050N000005xtNTQAY,TRUE
0Yw0N000005C0DoSAK,0050N000005xtNiQAI,TRUE
0Yw0N000003psRuSAI,0050N000006XBOXQA4,TRUE
0Yw0N000003psS4SAI,0050N000006XBOhQAO,TRUE
0Yw0N000005Cen8SAC,0050N000007s3H0QAI,TRUE
0Yw0N000005CeqqSAC,0050N000007s3KsQAI,TRUE
0Yw0N000005CfjgSAC,0050N000007s4ElQAI,TRUE
0Yw0N000005CfjlSAC,0050N000007s4EqQAI,TRUE
0Yw0N000005CfjqSAC,0050N000007s4EvQAI,TRUE
0Yw0N000005CfjvSAC,0050N000007s4F0QAI,TRUE
0Yw0N000005Cfk0SAC,0050N000007s4F5QAI,TRUE
0Yw0N000005Cfk5SAC,0050N000007s4FAQAY,TRUE
0Yw0N000005CfkFSAS,0050N000007s4FKQAY,TRUE
0Yw0N0000062fXOSAY,0050N000007tiiYQAQ,TRUE
0Yw0N0000062fXTSAY,0050N000007tiidQAA,TRUE
0Yw0N0000062fZoSAI,0050N000007til3QAA,TRUE
0Yw0N0000062fbBSAQ,0050N000007timfQAA,TRUE
0Yw0N0000062fbGSAQ,0050N000007timkQAA,TRUE
0Yw0N0000062fbLSAQ,0050N000007timpQAA,TRUE
0Yw0N0000062fbQSAQ,0050N000007timuQAA,TRUE
0Yw0N0000062fbVSAQ,0050N000007timzQAA,TRUE
0Yw0N0000062fbaSAA,0050N000007tin4QAA,TRUE
0Yw0N0000062fbfSAA,0050N000007tin9QAA,TRUE
0Yw0N0000062fbpSAA,0050N000007tinJQAQ,TRUE
0Yw0N0000062fbuSAA,0050N000007tinOQAQ,TRUE
0Ywb0000000JecDCAS,005b0000000fhWiAAI,TRUE
0Ywb0000000K56hCAC,005b0000000gAkxAAE,TRUE
0Ywb0000000K56jCAC,005b0000000gAkzAAE,TRUE
0Ywb0000000K56lCAC,005b0000000gAl1AAE,TRUE
0Ywb0000000K56oCAC,005b0000000gAl4AAE,TRUE
0Ywb0000000K58yCAC,005b0000000gAnEAAU,TRUE
0Ywb0000000K58zCAC,005b0000000gAnFAAU,TRUE
0Ywb0000000K590CAC,005b0000000gAnGAAU,TRUE
0Ywb0000000K592CAC,005b0000000gAnIAAU,TRUE
0Ywb0000000K593CAC,005b0000000gAnJAAU,TRUE
0Ywb0000000K594CAC,005b0000000gAnKAAU,TRUE
0Ywb0000000K5AyCAK,005b0000000gApEAAU,TRUE
0Ywb0000000K5AzCAK,005b0000000gApFAAU,TRUE
0Ywb0000000wjzUCAQ,005b0000001ZjorAAC,TRUE
0Ywb0000001aMJLCA2,005b0000001wei7AAA,TRUE
0Yw0N000003psSOSAY,0050N000006XBP1QAO,TRUE
0Yw0N000003pu44SAA,0050N000006XD24QAG,TRUE
0Yw0N000003pxOHSAY,0050N000006XGPkQAO,TRUE
0Yw0N000003pxOMSAY,0050N000006XGPpQAO,TRUE
0Yw0N000003pxORSAY,0050N000006XGPuQAO,TRUE
0Yw0N000003q1oJSAQ,0050N000006XKq6QAG,TRUE
0Yw0N000005CfkKSAS,0050N000007s4FPQAY,TRUE
0Yw0N000005CfkPSAS,0050N000007s4FZQAY,TRUE
0Yw0N000005CfkUSAS,0050N000007s4FeQAI,TRUE
0Yw0N000005CfkZSAS,0050N000007s4FtQAI,TRUE
0Yw0N000005CfkeSAC,0050N000007s4FyQAI,TRUE
0Yw0N000005CfkjSAC,0050N000007s4G3QAI,TRUE
0Yw0N000005CfkoSAC,0050N000007s4G8QAI,TRUE
0Yw0N000005CfktSAC,0050N000007s4GDQAY,TRUE
0Yw0N000005CfkySAC,0050N000007s4GIQAY,TRUE
0Yw0N000005Cfl3SAC,0050N000007s4GNQAY,TRUE
0Yw0N000005Cfl8SAC,0050N000007s4GSQAY,TRUE
0Yw0N000005CflDSAS,0050N000007s4GXQAY,TRUE
0Yw0N000005CflISAS,0050N000007s4GcQAI,TRUE
0Yw0N0000062fn7SAA,0050N000007tiz5QAA,TRUE
0Yw0N0000062gHqSAI,0050N000007tjUIQAY,TRUE
0Yw0N0000062gHvSAI,0050N000007tjUNQAY,TRUE
0Yw0N0000062gI5SAI,0050N000007tjUXQAY,TRUE
0Yw0N0000062gIPSAY,0050N000007tjUrQAI,TRUE
0Yw0N0000062gzESAQ,0050N000007tkC0QAI,TRUE
0Yw0N0000062hZqSAI,0050N000007tknuQAA,TRUE
0Yw0N0000062hZvSAI,0050N000007tknzQAA,TRUE
0Yw0N0000062ha0SAA,0050N000007tko4QAA,TRUE
0Yw0N0000062hfKSAQ,0050N000007tktYQAQ,TRUE
0Yw0N0000062jQgSAI,0050N000007tmfTQAQ,TRUE
0Yw0N0000062jQlSAI,0050N000007tmfYQAQ,TRUE
0Ywb0000000JmvSCAS,005b0000000fqc6AAA,TRUE
0Ywb0000000K54SCAS,005b0000000gAiiAAE,TRUE
0Ywb0000000K56tCAC,005b0000000gAl9AAE,TRUE
0Ywb0000000K56uCAC,005b0000000gAlAAAU,TRUE
0Ywb0000000K56wCAC,005b0000000gAlCAAU,TRUE
0Ywb0000000K56zCAC,005b0000000gAlFAAU,TRUE
0Ywb0000000K5B3CAK,005b0000000gApJAAU,TRUE
0Ywb0000000K5B9CAK,005b0000000gApPAAU,TRUE
0Ywb0000000K5BACA0,005b0000000gApQAAU,TRUE
0Ywb0000000KbbxCAC,005b0000001A77MAAS,TRUE
0Ywb0000001MCrACAW,005b0000001a1woAAA,TRUE
0Ywb0000001ahw9CAA,005b0000001x0kpAAA,TRUE
0Ywb0000001arYgCAI,005b0000001xAS2AAM,TRUE
0Yw0N000003q1oOSAQ,0050N000006XKqBQAW,TRUE
0Yw0N000003q1oTSAQ,0050N000006XKqGQAW,TRUE
0Yw0N000003q1oYSAQ,0050N000006XKqLQAW,TRUE
0Yw0N000003q1s6SAA,0050N000006XKu8QAG,TRUE
0Yw0N000003q6FiSAI,0050N000006XPKtQAO,TRUE
0Yw0N000003q6GMSAY,0050N000006XPLXQA4,TRUE
0Yw0N000003q6H0SAI,0050N000006XPQJQA4,TRUE
0Yw0N000005CflNSAS,0050N000007s4GhQAI,TRUE
0Yw0N000005CflSSAS,0050N000007s4GmQAI,TRUE
0Yw0N000005CflXSAS,0050N000007s4GrQAI,TRUE
0Yw0N000005CflcSAC,0050N000007s4GwQAI,TRUE
0Yw0N000005CflhSAC,0050N000007s4H1QAI,TRUE
0Yw0N000005CflmSAC,0050N000007s4H6QAI,TRUE
0Yw0N000005CntASAS,0050N000007sCQLQA2,TRUE
0Yw0N000005CntFSAS,0050N000007sCQQQA2,TRUE
0Yw0N000005CntKSAS,0050N000007sCQVQA2,TRUE
0Yw0N000005CntPSAS,0050N000007sCQaQAM,TRUE
0Yw0N000005CntUSAS,0050N000007sCQfQAM,TRUE
0Yw0N000005CntZSAS,0050N000007sCQkQAM,TRUE
0Yw0N0000062jQqSAI,0050N000007tmfdQAA,TRUE
0Yw0N0000062jQvSAI,0050N000007tmfiQAA,TRUE
0Yw0N0000062jR0SAI,0050N000007tmfsQAA,TRUE
0Yw0N0000062jR5SAI,0050N000007tmfxQAA,TRUE
0Yw0N0000062jRASAY,0050N000007tmg2QAA,TRUE
0Yw0N0000062jUnSAI,0050N000007tmkJQAQ,TRUE
0Yw0N0000062jUsSAI,0050N000007tmkOQAQ,TRUE
0Yw0N0000062jXSSAY,0050N000007tmn3QAA,TRUE
0Yw0N0000062kyZSAQ,0050N000007toEZQAY,TRUE
0Yw0N0000062kyeSAA,0050N000007toEeQAI,TRUE
0Ywb0000000K54ZCAS,005b0000000gAipAAE,TRUE
0Ywb0000000K54cCAC,005b0000000gAisAAE,TRUE
0Ywb0000000K54dCAC,005b0000000gAitAAE,TRUE
0Ywb0000000K570CAC,005b0000000gAlGAAU,TRUE
0Ywb0000000K573CAC,005b0000000gAlJAAU,TRUE
0Ywb0000000K59GCAS,005b0000000gAnWAAU,TRUE
0Ywb0000000K59HCAS,005b0000000gAnXAAU,TRUE
0Ywb0000000K59JCAS,005b0000000gAnZAAU,TRUE
0Ywb0000000K59NCAS,005b0000000gAndAAE,TRUE
0Ywb0000000K5BHCA0,005b0000000gApXAAU,TRUE
0Ywb0000000K5BICA0,005b0000000gApYAAU,TRUE
0Ywb0000000K5BJCA0,005b0000000gApZAAU,TRUE
0Ywb0000000K5DJCA0,005b0000000gArZAAU,TRUE
0Ywb0000000K5DLCA0,005b0000000gArbAAE,TRUE
0Ywb0000000Kdj5CAC,005b0000001A9pEAAS,TRUE
0Ywb0000000KoQJCA0,005b0000001AKi0AAG,TRUE
0Ywb0000001MxDbCAK,005b0000001amypAAA,TRUE
0Ywb0000001MxDvCAK,005b0000001amz9AAA,TRUE
0Ywb0000001asnNCAQ,005b0000001xBjYAAU,TRUE
0Yw0N000003q6HPSAY,0050N000006XPQiQAO,TRUE
0Ywb0000000H9GSCA0,005b0000000cu1TAAQ,TRUE
0Ywb0000000AV67CAG,005b0000000cu1XAAQ,TRUE
0Ywb0000000K54gCAC,005b0000000gAiwAAE,TRUE
0Ywb0000000K54kCAC,005b0000000gAj0AAE,TRUE
0Ywb0000000K54lCAC,005b0000000gAj1AAE,TRUE
0Ywb0000000K54mCAC,005b0000000gAj2AAE,TRUE
0Ywb0000000K54nCAC,005b0000000gAj3AAE,TRUE
0Ywb0000000K578CAC,005b0000000gAlOAAU,TRUE
0Ywb0000000K579CAC,005b0000000gAlPAAU,TRUE
0Ywb0000000K57ACAS,005b0000000gAlQAAU,TRUE
0Ywb0000000K57BCAS,005b0000000gAlRAAU,TRUE
0Ywb0000000K57DCAS,005b0000000gAlTAAU,TRUE
0Ywb0000000K57FCAS,005b0000000gAlVAAU,TRUE
0Ywb0000000K59PCAS,005b0000000gAnfAAE,TRUE
0Ywb0000000K59UCAS,005b0000000gAnkAAE,TRUE
0Ywb0000000K59WCAS,005b0000000gAnmAAE,TRUE
0Ywb0000000K5BMCA0,005b0000000gApcAAE,TRUE
0Ywb0000000K5BOCA0,005b0000000gApeAAE,TRUE
0Ywb0000000K5BPCA0,005b0000000gApfAAE,TRUE
0Ywb0000000K5BRCA0,005b0000000gAphAAE,TRUE
0Ywb0000000K5DOCA0,005b0000000gAreAAE,TRUE
0Ywb0000000K5DWCA0,005b0000000gArmAAE,TRUE
0Ywb0000001NUFLCA4,005b0000001bKP6AAM,TRUE
0Ywb0000001NUeVCAW,005b0000001bKoVAAU,TRUE
0Ywb0000001bOEoCAM,005b0000001xhazAAA,TRUE
0Yw0N000003qCmJSAU,0050N000006XVwuQAG,TRUE
0Yw0N000005Hg6FSAS,0050N000006o5epQAA,TRUE
0Yw0N000005HgwkSAC,0050N000006o6mtQAA,TRUE
0Yw0N000005Hhq9SAC,0050N000006o85EQAQ,TRUE
0Yw0N000005HhqOSAS,0050N000006o85TQAQ,TRUE
0Ywb0000000K54oCAC,005b0000000gAj4AAE,TRUE
0Ywb0000000K54tCAC,005b0000000gAj9AAE,TRUE
0Ywb00000024ZY4CAM,005b0000002V96FAAS,TRUE
0Ywb00000039xWVCAY,005b0000003rOu7AAE,TRUE
0Ywb00000039xXiCAI,005b0000003rOvPAAU,TRUE
0Ywb00000046NJ4CAM,005b0000005D8HlAAK,TRUE
0Ywb00000046OaVCAU,005b0000005D9bDAAS,TRUE
0Ywb00000046OaaCAE,005b0000005D9bIAAS,TRUE
0Ywb00000046OafCAE,005b0000005D9bNAAS,TRUE
0Ywb00000046OhlCAE,005b0000005D9iYAAS,TRUE
0Ywb00000046OhmCAE,005b0000005D9iZAAS,TRUE
0Ywb00000046OhoCAE,005b0000005D9ibAAC,TRUE
0Ywb00000046OhqCAE,005b0000005D9idAAC,TRUE
0Ywb00000046OkJCAU,005b0000005D9l6AAC,TRUE
0Ywb00000046OkKCAU,005b0000005D9l7AAC,TRUE
0Ywb00000046OkLCAU,005b0000005D9l8AAC,TRUE
0Ywb00000046OkMCAU,005b0000005D9l9AAC,TRUE
0Ywb00000046OkNCAU,005b0000005D9lAAAS,TRUE
0Ywb00000046OkOCAU,005b0000005D9lBAAS,TRUE
0Ywb00000046OkPCAU,005b0000005D9lCAAS,TRUE
0Ywb00000046OkSCAU,005b0000005D9lFAAS,TRUE
0Ywb00000046OmqCAE,005b0000005D9ndAAC,TRUE
0Ywb00000046OmrCAE,005b0000005D9neAAC,TRUE
0Ywb00000046OmsCAE,005b0000005D9nfAAC,TRUE
0Ywb00000046OmtCAE,005b0000005D9ngAAC,TRUE
0Ywb00000046OmuCAE,005b0000005D9nhAAC,TRUE
0Ywb00000046OmvCAE,005b0000005D9niAAC,TRUE
0Ywb00000046OmwCAE,005b0000005D9njAAC,TRUE
0Ywb00000046OmxCAE,005b0000005D9nkAAC,TRUE
0Ywb00000046OpMCAU,005b0000005D9q9AAC,TRUE
0Ywb00000046OpNCAU,005b0000005D9qAAAS,TRUE
0Ywb00000046OpOCAU,005b0000005D9qBAAS,TRUE
0Ywb00000046OpQCAU,005b0000005D9qDAAS,TRUE
0Ywb00000046OreCAE,005b0000005D9sRAAS,TRUE
0Ywb00000046OrfCAE,005b0000005D9sSAAS,TRUE
0Ywb00000046OrgCAE,005b0000005D9sTAAS,TRUE
0Ywb00000046OrhCAE,005b0000005D9sUAAS,TRUE
0Ywb00000046OriCAE,005b0000005D9sVAAS,TRUE
0Ywb00000046OrlCAE,005b0000005D9sYAAS,TRUE
0Ywb00000046OuKCAU,005b0000005D9v7AAC,TRUE
0Ywb00000046OuNCAU,005b0000005D9vAAAS,TRUE
0Ywb00000046OuOCAU,005b0000005D9vBAAS,TRUE
0Ywb00000046OuPCAU,005b0000005D9vCAAS,TRUE
0Ywb00000046OuQCAU,005b0000005D9vDAAS,TRUE
0Ywb00000046OuRCAU,005b0000005D9vEAAS,TRUE
0Ywb00000046rXgCAI,005b0000005DcvwAAC,TRUE
0Ywb00000046rXpCAI,005b0000005Dcw5AAC,TRUE
0Ywb00000046rXuCAI,005b0000005DcwAAAS,TRUE
0Ywb00000046s4ZCAQ,005b0000005DdTnAAK,TRUE
0Ywb00000046s4eCAA,005b0000005DdTsAAK,TRUE
0Ywb0000004oSbQCAU,005b00000067q2wAAA,TRUE
0Ywb0000004oUPMCA2,005b00000067rsZAAQ,TRUE
0Ywb0000004oXECCA2,005b00000067ukEAAQ,TRUE
0Ywb0000004oXEHCA2,005b00000067ukJAAQ,TRUE
0Ywb0000004oXF0CAM,005b00000067ulCAAQ,TRUE
0Ywb0000004WlluCAC,005b0000006nKYpAAM,TRUE
0Ywb0000004WllzCAC,005b0000006nKYuAAM,TRUE
0Ywb0000004WlmiCAC,005b0000006nKZdAAM,TRUE
0Ywb00000046OhrCAE,005b0000005D9ieAAC,TRUE
0Ywb00000046OhsCAE,005b0000005D9ifAAC,TRUE
0Ywb00000046OhtCAE,005b0000005D9igAAC,TRUE
0Ywb00000046OhuCAE,005b0000005D9ihAAC,TRUE
0Ywb00000046OhvCAE,005b0000005D9iiAAC,TRUE
0Ywb00000046OhwCAE,005b0000005D9ijAAC,TRUE
0Ywb00000046OhxCAE,005b0000005D9ikAAC,TRUE
0Ywb00000046OhzCAE,005b0000005D9imAAC,TRUE
0Ywb00000046Oi0CAE,005b0000005D9inAAC,TRUE
0Ywb00000046OkUCAU,005b0000005D9lHAAS,TRUE
0Ywb00000046OkVCAU,005b0000005D9lIAAS,TRUE
0Ywb00000046OkXCAU,005b0000005D9lKAAS,TRUE
0Ywb00000046OkYCAU,005b0000005D9lLAAS,TRUE
0Ywb00000046OkZCAU,005b0000005D9lMAAS,TRUE
0Ywb00000046OkaCAE,005b0000005D9lNAAS,TRUE
0Ywb00000046OkcCAE,005b0000005D9lPAAS,TRUE
0Ywb00000046On0CAE,005b0000005D9nnAAC,TRUE
0Ywb00000046On4CAE,005b0000005D9nrAAC,TRUE
0Ywb00000046On5CAE,005b0000005D9nsAAC,TRUE
0Ywb00000046On8CAE,005b0000005D9nvAAC,TRUE
0Ywb00000046OpTCAU,005b0000005D9qGAAS,TRUE
0Ywb00000046OpVCAU,005b0000005D9qIAAS,TRUE
0Ywb00000046OpZCAU,005b0000005D9qMAAS,TRUE
0Ywb00000046OpaCAE,005b0000005D9qNAAS,TRUE
0Ywb00000046OpbCAE,005b0000005D9qOAAS,TRUE
0Ywb00000046OrmCAE,005b0000005D9sZAAS,TRUE
0Ywb00000046OrnCAE,005b0000005D9saAAC,TRUE
0Ywb00000046OroCAE,005b0000005D9sbAAC,TRUE
0Ywb00000046OrpCAE,005b0000005D9scAAC,TRUE
0Ywb00000046OrqCAE,005b0000005D9sdAAC,TRUE
0Ywb00000046OrrCAE,005b0000005D9seAAC,TRUE
0Ywb00000046OrtCAE,005b0000005D9sgAAC,TRUE
0Ywb00000046OruCAE,005b0000005D9shAAC,TRUE
0Ywb00000046OrvCAE,005b0000005D9siAAC,TRUE
0Ywb00000046OuSCAU,005b0000005D9vFAAS,TRUE
0Ywb00000046OuTCAU,005b0000005D9vGAAS,TRUE
0Ywb00000046OuUCAU,005b0000005D9vHAAS,TRUE
0Ywb00000046OuVCAU,005b0000005D9vIAAS,TRUE
0Ywb00000046OuWCAU,005b0000005D9vJAAS,TRUE
0Ywb00000046OuXCAU,005b0000005D9vKAAS,TRUE
0Ywb00000046OuYCAU,005b0000005D9vLAAS,TRUE
0Ywb00000046OuZCAU,005b0000005D9vMAAS,TRUE
0Ywb00000046OuaCAE,005b0000005D9vNAAS,TRUE
0Ywb00000046s6aCAA,005b0000005DdVtAAK,TRUE
0Ywb00000046s6kCAA,005b0000005DdW3AAK,TRUE
0Ywb00000046tgoCAA,005b0000005DfDXAA0,TRUE
0Ywb000000470GxCAI,005b0000005Dlx7AAC,TRUE
0Ywb000000470WMCAY,005b0000005DmDPAA0,TRUE
0Ywb000000470bCCAQ,005b0000005DmIKAA0,TRUE
0Ywb0000004oXFZCA2,005b00000067ulqAAA,TRUE
0Ywb0000004oXFeCAM,005b00000067ulvAAA,TRUE
0Ywb0000004oXFjCAM,005b00000067um0AAA,TRUE
0Ywb0000004oXFoCAM,005b00000067um5AAA,TRUE
0Ywb0000004oarqCAA,005b00000067yPjAAI,TRUE
0Ywb0000004WmW7CAK,005b0000006nLJWAA2,TRUE
0Ywb0000004Wn9dCAC,005b0000006nLyFAAU,TRUE
0Ywb0000004WnAHCA0,005b0000006nLytAAE,TRUE
0Ywb0000003ALAJCA4,005b0000003rn4QAAQ,TRUE
0Ywb00000046Oi1CAE,005b0000005D9ioAAC,TRUE
0Ywb00000046Oi2CAE,005b0000005D9ipAAC,TRUE
0Ywb00000046Oi3CAE,005b0000005D9iqAAC,TRUE
0Ywb00000046Oi4CAE,005b0000005D9irAAC,TRUE
0Ywb00000046Oi5CAE,005b0000005D9isAAC,TRUE
0Ywb00000046Oi6CAE,005b0000005D9itAAC,TRUE
0Ywb00000046Oi7CAE,005b0000005D9iuAAC,TRUE
0Ywb00000046Oi8CAE,005b0000005D9ivAAC,TRUE
0Ywb00000046Oi9CAE,005b0000005D9iwAAC,TRUE
0Ywb00000046OiBCAU,005b0000005D9iyAAC,TRUE
0Ywb00000046OkfCAE,005b0000005D9lSAAS,TRUE
0Ywb00000046OkhCAE,005b0000005D9lUAAS,TRUE
0Ywb00000046OkiCAE,005b0000005D9lVAAS,TRUE
0Ywb00000046OkjCAE,005b0000005D9lWAAS,TRUE
0Ywb00000046OklCAE,005b0000005D9lYAAS,TRUE
0Ywb00000046OknCAE,005b0000005D9laAAC,TRUE
0Ywb00000046OnBCAU,005b0000005D9nyAAC,TRUE
0Ywb00000046OnCCAU,005b0000005D9nzAAC,TRUE
0Ywb00000046OnDCAU,005b0000005D9o0AAC,TRUE
0Ywb00000046OnECAU,005b0000005D9o1AAC,TRUE
0Ywb00000046OnHCAU,005b0000005D9o4AAC,TRUE
0Ywb00000046OnICAU,005b0000005D9o5AAC,TRUE
0Ywb00000046OpcCAE,005b0000005D9qPAAS,TRUE
0Ywb00000046OpeCAE,005b0000005D9qRAAS,TRUE
0Ywb00000046OpfCAE,005b0000005D9qSAAS,TRUE
0Ywb00000046OpgCAE,005b0000005D9qTAAS,TRUE
0Ywb00000046OphCAE,005b0000005D9qUAAS,TRUE
0Ywb00000046OpiCAE,005b0000005D9qVAAS,TRUE
0Ywb00000046OpkCAE,005b0000005D9qXAAS,TRUE
0Ywb00000046OrxCAE,005b0000005D9skAAC,TRUE
0Ywb00000046OrzCAE,005b0000005D9smAAC,TRUE
0Ywb00000046Os0CAE,005b0000005D9snAAC,TRUE
0Ywb00000046Os1CAE,005b0000005D9soAAC,TRUE
0Ywb00000046Os2CAE,005b0000005D9spAAC,TRUE
0Ywb00000046Os4CAE,005b0000005D9srAAC,TRUE
0Ywb00000046Os5CAE,005b0000005D9ssAAC,TRUE
0Ywb00000046OubCAE,005b0000005D9vOAAS,TRUE
0Ywb00000046OucCAE,005b0000005D9vPAAS,TRUE
0Ywb00000046OudCAE,005b0000005D9vQAAS,TRUE
0Ywb00000046Oy3CAE,005b0000005D9yqAAC,TRUE
0Ywb00000046Oy4CAE,005b0000005D9yrAAC,TRUE
0Ywb00000046Oy5CAE,005b0000005D9ysAAC,TRUE
0Ywb000000473G2CAI,005b0000005Dp1MAAS,TRUE
0Ywb00000047CfBCAU,005b00000066WMuAAM,TRUE
0Ywb0000004odi8CAA,005b000000681KNAAY,TRUE
0Ywb0000004odiICAQ,005b000000681KXAAY,TRUE
0Ywb0000004ok8bCAA,005b000000687leAAA,TRUE
0Ywb0000004ollFCAQ,005b000000689PaAAI,TRUE
0Ywb0000004WnKlCAK,005b0000006nM9SAAU,TRUE
0Ywb0000004WnKqCAK,005b0000006nM9XAAU,TRUE
0Ywb0000004WnL0CAK,005b0000006nM9hAAE,TRUE
0Ywb0000004WnLPCA0,005b0000006nMA6AAM,TRUE
0Ywb0000004WnLZCA0,005b0000006nMAGAA2,TRUE
0Ywb0000004WnLjCAK,005b0000006nMAQAA2,TRUE
0Ywb0000004WnM8CAK,005b0000006nMApAAM,TRUE
0Ywb0000004WzUJCA0,005b0000006nYTFAA2,TRUE
0Ywb0000003APt8CAG,005b0000003rrsoAAA,TRUE
0Ywb0000002D7bhCAC,005b00000044Zy6AAE,TRUE
0Ywb0000002D7bmCAC,005b00000044ZyBAAU,TRUE
0Ywb0000002D7bwCAC,005b00000044ZyLAAU,TRUE
0Ywb00000046OiECAU,005b0000005D9j1AAC,TRUE
0Ywb00000046OiGCAU,005b0000005D9j3AAC,TRUE
0Ywb00000046OiJCAU,005b0000005D9j6AAC,TRUE
0Ywb00000046OkoCAE,005b0000005D9lbAAC,TRUE
0Ywb00000046OkqCAE,005b0000005D9ldAAC,TRUE
0Ywb00000046OkrCAE,005b0000005D9leAAC,TRUE
0Ywb00000046OkuCAE,005b0000005D9lhAAC,TRUE
0Ywb00000046OkwCAE,005b0000005D9ljAAC,TRUE
0Ywb00000046OnKCAU,005b0000005D9o7AAC,TRUE
0Ywb00000046OnMCAU,005b0000005D9o9AAC,TRUE
0Ywb00000046OnNCAU,005b0000005D9oAAAS,TRUE
0Ywb00000046OnQCAU,005b0000005D9oDAAS,TRUE
0Ywb00000046OplCAE,005b0000005D9qYAAS,TRUE
0Ywb00000046OpmCAE,005b0000005D9qZAAS,TRUE
0Ywb00000046OpnCAE,005b0000005D9qaAAC,TRUE
0Ywb00000046OptCAE,005b0000005D9qgAAC,TRUE
0Ywb00000046Os7CAE,005b0000005D9suAAC,TRUE
0Ywb00000046Os8CAE,005b0000005D9svAAC,TRUE
0Ywb00000046OsBCAU,005b0000005D9syAAC,TRUE
0Ywb00000046OsDCAU,005b0000005D9t0AAC,TRUE
0Ywb00000046OsECAU,005b0000005D9t1AAC,TRUE
0Ywb00000046OsGCAU,005b0000005D9t3AAC,TRUE
0Ywb00000046Oy7CAE,005b0000005D9yuAAC,TRUE
0Ywb00000046Oy8CAE,005b0000005D9yvAAC,TRUE
0Ywb00000046Oy9CAE,005b0000005D9ywAAC,TRUE
0Ywb00000046OyACAU,005b0000005D9yxAAC,TRUE
0Ywb00000046OyBCAU,005b0000005D9yyAAC,TRUE
0Ywb00000046OyCCAU,005b0000005D9yzAAC,TRUE
0Ywb00000046OyDCAU,005b0000005D9z0AAC,TRUE
0Ywb00000046OyFCAU,005b0000005D9z2AAC,TRUE
0Ywb00000047GwpCAE,005b00000066aklAAA,TRUE
0Ywb0000004olmICAQ,005b000000689QdAAI,TRUE
0Ywb0000004opafCAA,005b00000068DHGAA2,TRUE
0Ywb0000004opapCAA,005b00000068DHVAA2,TRUE
0Ywb0000004opauCAA,005b00000068DHaAAM,TRUE
0Ywb0000004opb4CAA,005b00000068DHkAAM,TRUE
0Ywb0000004X5TlCAK,005b0000006neVqAAI,TRUE
0Ywb0000001cNOpCAM,005b0000002S4pcAAC,TRUE
0Ywb0000001cV86CAE,005b0000002SCkLAAW,TRUE
0Ywb00000026T89CAE,005b0000002iwK6AAI,TRUE
0Ywb00000026T8JCAU,005b0000002iwKGAAY,TRUE
0Ywb0000002D7cGCAS,005b00000044ZyfAAE,TRUE
0Ywb0000002D7cQCAS,005b00000044ZypAAE,TRUE
0Ywb0000002D7cfCAC,005b00000044Zz4AAE,TRUE
0Ywb00000046OiOCAU,005b0000005D9jBAAS,TRUE
0Ywb00000046OiPCAU,005b0000005D9jCAAS,TRUE
0Ywb00000046OiQCAU,005b0000005D9jDAAS,TRUE
0Ywb00000046OiRCAU,005b0000005D9jEAAS,TRUE
0Ywb00000046OiSCAU,005b0000005D9jFAAS,TRUE
0Ywb00000046OiTCAU,005b0000005D9jGAAS,TRUE
0Ywb00000046OiUCAU,005b0000005D9jHAAS,TRUE
0Ywb00000046OiVCAU,005b0000005D9jIAAS,TRUE
0Ywb00000046OkyCAE,005b0000005D9llAAC,TRUE
0Ywb00000046OkzCAE,005b0000005D9lmAAC,TRUE
0Ywb00000046Ol1CAE,005b0000005D9loAAC,TRUE
0Ywb00000046Ol2CAE,005b0000005D9lpAAC,TRUE
0Ywb00000046Ol3CAE,005b0000005D9lqAAC,TRUE
0Ywb00000046Ol4CAE,005b0000005D9lrAAC,TRUE
0Ywb00000046Ol6CAE,005b0000005D9ltAAC,TRUE
0Ywb00000046OnSCAU,005b0000005D9oFAAS,TRUE
0Ywb00000046OnTCAU,005b0000005D9oGAAS,TRUE
0Ywb00000046OnUCAU,005b0000005D9oHAAS,TRUE
0Ywb00000046OnXCAU,005b0000005D9oKAAS,TRUE
0Ywb00000046OnbCAE,005b0000005D9oOAAS,TRUE
0Ywb00000046OpvCAE,005b0000005D9qiAAC,TRUE
0Ywb00000046OpwCAE,005b0000005D9qjAAC,TRUE
0Ywb00000046OpxCAE,005b0000005D9qkAAC,TRUE
0Ywb00000046OpzCAE,005b0000005D9qmAAC,TRUE
0Ywb00000046Oq0CAE,005b0000005D9qnAAC,TRUE
0Ywb00000046Oq2CAE,005b0000005D9qpAAC,TRUE
0Ywb00000046Oq3CAE,005b0000005D9qqAAC,TRUE
0Ywb00000046OsHCAU,005b0000005D9t4AAC,TRUE
0Ywb00000046OsICAU,005b0000005D9t5AAC,TRUE
0Ywb00000046OsRCAU,005b0000005D9tEAAS,TRUE
0Ywb00000046OyGCAU,005b0000005D9z3AAC,TRUE
0Ywb00000046OyICAU,005b0000005D9z5AAC,TRUE
0Ywb00000046OyJCAU,005b0000005D9z6AAC,TRUE
0Ywb00000046OyKCAU,005b0000005D9z7AAC,TRUE
0Ywb00000046OyOCAU,005b0000005D9zBAAS,TRUE
0Ywb00000046OyPCAU,005b0000005D9zCAAS,TRUE
0Ywb00000047HTFCA2,005b00000066bIdAAI,TRUE
0Ywb00000047I1qCAE,005b00000066bt0AAA,TRUE
0Ywb00000047I38CAE,005b00000066buIAAQ,TRUE
0Ywb00000047IC5CAM,005b00000066c3UAAQ,TRUE
0Ywb0000004ou03CAA,005b00000068HjEAAU,TRUE
0Ywb0000004ou0DCAQ,005b00000068HjOAAU,TRUE
0Ywb0000004ou0ICAQ,005b00000068HjTAAU,TRUE
0Ywb0000004ou0NCAQ,005b00000068HjYAAU,TRUE
0Ywb0000004ou0SCAQ,005b00000068HjdAAE,TRUE
0Ywb0000004ou0XCAQ,005b00000068HjiAAE,TRUE
0Ywb00000026T8TCAU,005b0000002iwKQAAY,TRUE
0Ywb00000026T8YCAU,005b0000002iwKVAAY,TRUE
0Ywb0000002chaVCAQ,005b0000003O8ttAAC,TRUE
0Ywb0000002DJwNCAW,005b00000044mRjAAI,TRUE
0Ywb0000002DOEkCAO,005b00000044qmvAAA,TRUE
0Ywb00000046OiWCAU,005b0000005D9jJAAS,TRUE
0Ywb00000046OiXCAU,005b0000005D9jKAAS,TRUE
0Ywb00000046OiYCAU,005b0000005D9jLAAS,TRUE
0Ywb00000046OiZCAU,005b0000005D9jMAAS,TRUE
0Ywb00000046OiaCAE,005b0000005D9jNAAS,TRUE
0Ywb00000046OibCAE,005b0000005D9jOAAS,TRUE
0Ywb00000046OicCAE,005b0000005D9jPAAS,TRUE
0Ywb00000046OidCAE,005b0000005D9jQAAS,TRUE
0Ywb00000046OieCAE,005b0000005D9jRAAS,TRUE
0Ywb00000046OifCAE,005b0000005D9jSAAS,TRUE
0Ywb00000046Ol7CAE,005b0000005D9luAAC,TRUE
0Ywb00000046Ol9CAE,005b0000005D9lwAAC,TRUE
0Ywb00000046OlBCAU,005b0000005D9lyAAC,TRUE
0Ywb00000046OlDCAU,005b0000005D9m0AAC,TRUE
0Ywb00000046OlECAU,005b0000005D9m1AAC,TRUE
0Ywb00000046OlGCAU,005b0000005D9m3AAC,TRUE
0Ywb00000046OncCAE,005b0000005D9oPAAS,TRUE
0Ywb00000046OndCAE,005b0000005D9oQAAS,TRUE
0Ywb00000046OnfCAE,005b0000005D9oSAAS,TRUE
0Ywb00000046OngCAE,005b0000005D9oTAAS,TRUE
0Ywb00000046OnhCAE,005b0000005D9oUAAS,TRUE
0Ywb00000046OniCAE,005b0000005D9oVAAS,TRUE
0Ywb00000046OnkCAE,005b0000005D9oXAAS,TRUE
0Ywb00000046Oq4CAE,005b0000005D9qrAAC,TRUE
0Ywb00000046Oq5CAE,005b0000005D9qsAAC,TRUE
0Ywb00000046Oq6CAE,005b0000005D9qtAAC,TRUE
0Ywb00000046Oq7CAE,005b0000005D9quAAC,TRUE
0Ywb00000046Oq9CAE,005b0000005D9qwAAC,TRUE
0Ywb00000046OqACAU,005b0000005D9qxAAC,TRUE
0Ywb00000046OqBCAU,005b0000005D9qyAAC,TRUE
0Ywb00000046OsSCAU,005b0000005D9tFAAS,TRUE
0Ywb00000046OsTCAU,005b0000005D9tGAAS,TRUE
0Ywb00000046OsUCAU,005b0000005D9tHAAS,TRUE
0Ywb00000046OsVCAU,005b0000005D9tIAAS,TRUE
0Ywb00000046OsXCAU,005b0000005D9tKAAS,TRUE
0Ywb00000046OsbCAE,005b0000005D9tOAAS,TRUE
0Ywb00000046OyRCAU,005b0000005D9zEAAS,TRUE
0Ywb00000046OyVCAU,005b0000005D9zIAAS,TRUE
0Ywb00000046OyWCAU,005b0000005D9zJAAS,TRUE
0Ywb00000046OyXCAU,005b0000005D9zKAAS,TRUE
0Ywb00000046OyZCAU,005b0000005D9zMAAS,TRUE
0Ywb00000046OyaCAE,005b0000005D9zNAAS,TRUE
0Ywb00000047ICjCAM,005b00000066c4DAAQ,TRUE
0Ywb00000047LIuCAM,005b00000066fEuAAI,TRUE
0Ywb00000047LMhCAM,005b00000066fIhAAI,TRUE
0Ywb0000004ouXHCAY,005b00000068IHBAA2,TRUE
0Ywb0000004ovM0CAI,005b00000068J85AAE,TRUE
0Ywb0000004p3SVCAY,005b00000068RHUAA2,TRUE
0Ywb0000004p7AfCAI,005b00000068V16AAE,TRUE
0Ywb0000004p7AkCAI,005b00000068V1BAAU,TRUE
0Ywb0000004p7AzCAI,005b00000068V1QAAU,TRUE
0Ywb0000001cZ8ACAU,005b0000002SGvwAAG,TRUE
0Ywb0000002cpbMCAQ,005b0000003OH2KAAW,TRUE
0Ywb00000025T9FCAU,005b0000003WzVMAA0,TRUE
0Ywb00000025U0dCAE,005b0000003X0PFAA0,TRUE
0Ywb0000002DPoACAW,005b00000044sOgAAI,TRUE
0Ywb00000046OigCAE,005b0000005D9jTAAS,TRUE
0Ywb00000046OihCAE,005b0000005D9jUAAS,TRUE
0Ywb00000046OiiCAE,005b0000005D9jVAAS,TRUE
0Ywb00000046OijCAE,005b0000005D9jWAAS,TRUE
0Ywb00000046OikCAE,005b0000005D9jXAAS,TRUE
0Ywb00000046OilCAE,005b0000005D9jYAAS,TRUE
0Ywb00000046OimCAE,005b0000005D9jZAAS,TRUE
0Ywb00000046OinCAE,005b0000005D9jaAAC,TRUE
0Ywb00000046OioCAE,005b0000005D9jbAAC,TRUE
0Ywb00000046OipCAE,005b0000005D9jcAAC,TRUE
0Ywb00000046OlHCAU,005b0000005D9m4AAC,TRUE
0Ywb00000046OlICAU,005b0000005D9m5AAC,TRUE
0Ywb00000046OlJCAU,005b0000005D9m6AAC,TRUE
0Ywb00000046OlKCAU,005b0000005D9m7AAC,TRUE
0Ywb00000046OlLCAU,005b0000005D9m8AAC,TRUE
0Ywb00000046OlMCAU,005b0000005D9m9AAC,TRUE
0Ywb00000046OlNCAU,005b0000005D9mAAAS,TRUE
0Ywb00000046OlPCAU,005b0000005D9mCAAS,TRUE
0Ywb00000046OnlCAE,005b0000005D9oYAAS,TRUE
0Ywb00000046OnmCAE,005b0000005D9oZAAS,TRUE
0Ywb00000046OnoCAE,005b0000005D9obAAC,TRUE
0Ywb00000046OnpCAE,005b0000005D9ocAAC,TRUE
0Ywb00000046OnrCAE,005b0000005D9oeAAC,TRUE
0Ywb00000046OnsCAE,005b0000005D9ofAAC,TRUE
0Ywb00000046OntCAE,005b0000005D9ogAAC,TRUE
0Ywb00000046OqECAU,005b0000005D9r1AAC,TRUE
0Ywb00000046OqHCAU,005b0000005D9r4AAC,TRUE
0Ywb00000046OqJCAU,005b0000005D9r6AAC,TRUE
0Ywb00000046OqKCAU,005b0000005D9r7AAC,TRUE
0Ywb00000046OqLCAU,005b0000005D9r8AAC,TRUE
0Ywb00000046OqNCAU,005b0000005D9rAAAS,TRUE
0Ywb00000046OseCAE,005b0000005D9tRAAS,TRUE
0Ywb00000046OsgCAE,005b0000005D9tTAAS,TRUE
0Ywb00000046OshCAE,005b0000005D9tUAAS,TRUE
0Ywb00000046OsiCAE,005b0000005D9tVAAS,TRUE
0Ywb00000046OsjCAE,005b0000005D9tWAAS,TRUE
0Ywb00000046OskCAE,005b0000005D9tXAAS,TRUE
0Ywb00000046OslCAE,005b0000005D9tYAAS,TRUE
0Ywb00000046OsnCAE,005b0000005D9taAAC,TRUE
0Ywb00000046OybCAE,005b0000005D9zOAAS,TRUE
0Ywb00000046OydCAE,005b0000005D9zQAAS,TRUE
0Ywb00000046OyeCAE,005b0000005D9zRAAS,TRUE
0Ywb00000046OyfCAE,005b0000005D9zSAAS,TRUE
0Ywb00000046OygCAE,005b0000005D9zTAAS,TRUE
0Ywb00000046OyhCAE,005b0000005D9zUAAS,TRUE
0Ywb00000046OyiCAE,005b0000005D9zVAAS,TRUE
0Ywb00000046OyjCAE,005b0000005D9zWAAS,TRUE
0Ywb00000046OykCAE,005b0000005D9zXAAS,TRUE
0Ywb00000046OylCAE,005b0000005D9zYAAS,TRUE
0Ywb00000047Sf7CAE,005b00000066mheAAA,TRUE
0Ywb00000047TkmCAE,005b00000066npoAAA,TRUE
0Ywb00000047XJkCAM,005b00000066rQYAAY,TRUE
0Ywb0000004pCnSCAU,005b00000068afQAAQ,TRUE
0Ywb0000004pCouCAE,005b00000068agsAAA,TRUE
0Ywb0000004pEFwCAM,005b00000068c8OAAQ,TRUE
0Ywb0000004pEGBCA2,005b00000068c8dAAA,TRUE
0Yw0N000005AYhASAW,0050N000005wQLAQA2,TRUE
0Yw0N000005AZkjSAG,0050N000005wROjQAM,TRUE
0Yw0N000005AZuPSAW,0050N000005wRYPQA2,TRUE
0Yw0N000005AZzySAG,0050N000005wRdyQAE,TRUE
0Ywb0000001cZ9SCAU,005b0000002SGxEAAW,TRUE
0Ywb0000001cZ9hCAE,005b0000002SGxTAAW,TRUE
0Ywb0000001ccAdCAI,005b0000002SK1sAAG,TRUE
0Ywb0000001cjqHCAQ,005b0000002SRpBAAW,TRUE
0Ywb00000025U1CCAU,005b0000003X0PoAAK,TRUE
0Ywb00000025WaTCAU,005b0000003X2zUAAS,TRUE
0Ywb00000025Wy1CAE,005b0000003X3N2AAK,TRUE
0Ywb00000025ZXSCA2,005b0000003X5zXAAS,TRUE
0Ywb0000002DQOhCAO,005b00000044szhAAA,TRUE
0Ywb00000046OiqCAE,005b0000005D9jdAAC,TRUE
0Ywb00000046OirCAE,005b0000005D9jeAAC,TRUE
0Ywb00000046OisCAE,005b0000005D9jfAAC,TRUE
0Ywb00000046OitCAE,005b0000005D9jgAAC,TRUE
0Ywb00000046OiuCAE,005b0000005D9jhAAC,TRUE
0Ywb00000046OivCAE,005b0000005D9jiAAC,TRUE
0Ywb00000046OiwCAE,005b0000005D9jjAAC,TRUE
0Ywb00000046OixCAE,005b0000005D9jkAAC,TRUE
0Ywb00000046OizCAE,005b0000005D9jmAAC,TRUE
0Ywb00000046OlQCAU,005b0000005D9mDAAS,TRUE
0Ywb00000046OlSCAU,005b0000005D9mFAAS,TRUE
0Ywb00000046OlTCAU,005b0000005D9mGAAS,TRUE
0Ywb00000046OlVCAU,005b0000005D9mIAAS,TRUE
0Ywb00000046OlWCAU,005b0000005D9mJAAS,TRUE
0Ywb00000046OlXCAU,005b0000005D9mKAAS,TRUE
0Ywb00000046OlYCAU,005b0000005D9mLAAS,TRUE
0Ywb00000046OlZCAU,005b0000005D9mMAAS,TRUE
0Ywb00000046OnvCAE,005b0000005D9oiAAC,TRUE
0Ywb00000046OnwCAE,005b0000005D9ojAAC,TRUE
0Ywb00000046OnxCAE,005b0000005D9okAAC,TRUE
0Ywb00000046OnyCAE,005b0000005D9olAAC,TRUE
0Ywb00000046OnzCAE,005b0000005D9omAAC,TRUE
0Ywb00000046Oo1CAE,005b0000005D9ooAAC,TRUE
0Ywb00000046Oo2CAE,005b0000005D9opAAC,TRUE
0Ywb00000046OqOCAU,005b0000005D9rBAAS,TRUE
0Ywb00000046OqSCAU,005b0000005D9rFAAS,TRUE
0Ywb00000046OqTCAU,005b0000005D9rGAAS,TRUE
0Ywb00000046OqXCAU,005b0000005D9rKAAS,TRUE
0Ywb00000046OspCAE,005b0000005D9tcAAC,TRUE
0Ywb00000046OsrCAE,005b0000005D9teAAC,TRUE
0Ywb00000046OssCAE,005b0000005D9tfAAC,TRUE
0Ywb00000046OsxCAE,005b0000005D9tkAAC,TRUE
0Ywb00000046OsyCAE,005b0000005D9tlAAC,TRUE
0Ywb00000046OymCAE,005b0000005D9zZAAS,TRUE
0Ywb00000046OynCAE,005b0000005D9zaAAC,TRUE
0Ywb00000046OyoCAE,005b0000005D9zbAAC,TRUE
0Ywb00000046OypCAE,005b0000005D9zcAAC,TRUE
0Ywb00000046OysCAE,005b0000005D9zfAAC,TRUE
0Ywb00000046OyuCAE,005b0000005D9zhAAC,TRUE
0Ywb00000046OywCAE,005b0000005D9zjAAC,TRUE
0Ywb00000047iL3CAI,005b000000672a0AAA,TRUE
0Ywb00000047iL8CAI,005b000000672a5AAA,TRUE
0Ywb0000004pELzCAM,005b00000068cEvAAI,TRUE
0Ywb0000004pEMdCAM,005b00000068cFZAAY,TRUE
0Ywb0000004pEN2CAM,005b00000068cFyAAI,TRUE
0Ywb0000004pENMCA2,005b00000068cGIAAY,TRUE
0Ywb0000004pENRCA2,005b00000068cGNAAY,TRUE
0Ywb0000004pEv4CAE,005b00000068cqkAAA,TRUE
0Yw0N000005Aa2sSAC,0050N000005wRgsQAE,TRUE
0Yw0N000005AaEySAK,0050N000005wRsyQAE,TRUE
0Yw0N000005AaHiSAK,0050N000005wRviQAE,TRUE
0Yw0N000005AaPNSA0,0050N000005wS3NQAU,TRUE
0Yw0N000005AaPwSAK,0050N000005wS3wQAE,TRUE
0Yw0N000005AaQ1SAK,0050N000005wS41QAE,TRUE
0Yw0N000005AaQ6SAK,0050N000005wS46QAE,TRUE
0Yw0N000005AaQGSA0,0050N000005wS4GQAU,TRUE
0Ywb0000002DSGBCA4,005b00000044uuKAAQ,TRUE
0Ywb0000002DSGaCAO,005b00000044uuoAAA,TRUE
0Ywb0000002DSTjCAO,005b00000044v95AAA,TRUE
0Ywb0000003AY7rCAG,005b00000059ivUAAQ,TRUE
0Ywb0000003AY8BCAW,005b00000059ivoAAA,TRUE
0Ywb0000003AY8LCAW,005b00000059ivyAAA,TRUE
0Ywb00000046Oj0CAE,005b0000005D9jnAAC,TRUE
0Ywb00000046Oj2CAE,005b0000005D9jpAAC,TRUE
0Ywb00000046Oj3CAE,005b0000005D9jqAAC,TRUE
0Ywb00000046Oj4CAE,005b0000005D9jrAAC,TRUE
0Ywb00000046Oj5CAE,005b0000005D9jsAAC,TRUE
0Ywb00000046Oj6CAE,005b0000005D9jtAAC,TRUE
0Ywb00000046Oj8CAE,005b0000005D9jvAAC,TRUE
0Ywb00000046OjACAU,005b0000005D9jxAAC,TRUE
0Ywb00000046OlaCAE,005b0000005D9mNAAS,TRUE
0Ywb00000046OlcCAE,005b0000005D9mPAAS,TRUE
0Ywb00000046OleCAE,005b0000005D9mRAAS,TRUE
0Ywb00000046OlfCAE,005b0000005D9mSAAS,TRUE
0Ywb00000046OlgCAE,005b0000005D9mTAAS,TRUE
0Ywb00000046OlhCAE,005b0000005D9mUAAS,TRUE
0Ywb00000046OliCAE,005b0000005D9mVAAS,TRUE
0Ywb00000046Oo3CAE,005b0000005D9oqAAC,TRUE
0Ywb00000046Oo4CAE,005b0000005D9orAAC,TRUE
0Ywb00000046Oo5CAE,005b0000005D9osAAC,TRUE
0Ywb00000046Oo6CAE,005b0000005D9otAAC,TRUE
0Ywb00000046OoACAU,005b0000005D9oxAAC,TRUE
0Ywb00000046OqZCAU,005b0000005D9rMAAS,TRUE
0Ywb00000046OqaCAE,005b0000005D9rNAAS,TRUE
0Ywb00000046OqbCAE,005b0000005D9rOAAS,TRUE
0Ywb00000046OqcCAE,005b0000005D9rPAAS,TRUE
0Ywb00000046OqfCAE,005b0000005D9rSAAS,TRUE
0Ywb00000046Ot0CAE,005b0000005D9tnAAC,TRUE
0Ywb00000046Ot3CAE,005b0000005D9tqAAC,TRUE
0Ywb00000046Ot5CAE,005b0000005D9tsAAC,TRUE
0Ywb00000046Ot6CAE,005b0000005D9ttAAC,TRUE
0Ywb00000046Ot7CAE,005b0000005D9tuAAC,TRUE
0Ywb00000046Oz2CAE,005b0000005D9zpAAC,TRUE
0Ywb00000046Oz3CAE,005b0000005D9zqAAC,TRUE
0Ywb00000047iLICAY,005b000000672aFAAQ,TRUE
0Ywb00000047iLSCAY,005b000000672aPAAQ,TRUE
0Ywb00000047jRCCAY,005b000000673hgAAA,TRUE
0Ywb0000004pEvOCAU,005b00000068cr4AAA,TRUE
0Ywb0000004pO2iCAE,005b00000068m4vAAA,TRUE
0Ywb0000004pO2nCAE,005b00000068m50AAA,TRUE
0Ywb0000004pQHuCAM,005b00000068oP7AAI,TRUE
0Ywb00000025m7SCAQ,005b0000003XIfLAAW,TRUE
0Ywb00000025m7XCAQ,005b0000003XIfQAAW,TRUE
0Ywb0000003AenFCAS,005b00000059pnhAAA,TRUE
0Ywb0000003AkLHCA0,005b00000059vSuAAI,TRUE
0Ywb0000003AzELCA0,005b0000005AC1qAAG,TRUE
0Ywb00000046OjBCAU,005b0000005D9jyAAC,TRUE
0Ywb00000046OjCCAU,005b0000005D9jzAAC,TRUE
0Ywb00000046OjDCAU,005b0000005D9k0AAC,TRUE
0Ywb00000046OjECAU,005b0000005D9k1AAC,TRUE
0Ywb00000046OjFCAU,005b0000005D9k2AAC,TRUE
0Ywb00000046OjGCAU,005b0000005D9k3AAC,TRUE
0Ywb00000046OjHCAU,005b0000005D9k4AAC,TRUE
0Ywb00000046OjICAU,005b0000005D9k5AAC,TRUE
0Ywb00000046OjJCAU,005b0000005D9k6AAC,TRUE
0Ywb00000046OjKCAU,005b0000005D9k7AAC,TRUE
0Ywb00000046OlkCAE,005b0000005D9mXAAS,TRUE
0Ywb00000046OllCAE,005b0000005D9mYAAS,TRUE
0Ywb00000046OlnCAE,005b0000005D9maAAC,TRUE
0Ywb00000046OloCAE,005b0000005D9mbAAC,TRUE
0Ywb00000046OlpCAE,005b0000005D9mcAAC,TRUE
0Ywb00000046OlqCAE,005b0000005D9mdAAC,TRUE
0Ywb00000046OlrCAE,005b0000005D9meAAC,TRUE
0Ywb00000046OlsCAE,005b0000005D9mfAAC,TRUE
0Ywb00000046OltCAE,005b0000005D9mgAAC,TRUE
0Ywb00000046OoCCAU,005b0000005D9ozAAC,TRUE
0Ywb00000046OoDCAU,005b0000005D9p0AAC,TRUE
0Ywb00000046OoECAU,005b0000005D9p1AAC,TRUE
0Ywb00000046OoFCAU,005b0000005D9p2AAC,TRUE
0Ywb00000046OoHCAU,005b0000005D9p4AAC,TRUE
0Ywb00000046OoICAU,005b0000005D9p5AAC,TRUE
0Ywb00000046OoJCAU,005b0000005D9p6AAC,TRUE
0Ywb00000046OoKCAU,005b0000005D9p7AAC,TRUE
0Ywb00000046OqiCAE,005b0000005D9rVAAS,TRUE
0Ywb00000046OqjCAE,005b0000005D9rWAAS,TRUE
0Ywb00000046OqlCAE,005b0000005D9rYAAS,TRUE
0Ywb00000046OqoCAE,005b0000005D9rbAAC,TRUE
0Ywb00000046OqqCAE,005b0000005D9rdAAC,TRUE
0Ywb00000046OqrCAE,005b0000005D9reAAC,TRUE
0Ywb00000046Ot9CAE,005b0000005D9twAAC,TRUE
0Ywb00000046OtACAU,005b0000005D9txAAC,TRUE
0Ywb00000046OtBCAU,005b0000005D9tyAAC,TRUE
0Ywb00000046OtCCAU,005b0000005D9tzAAC,TRUE
0Ywb00000046OtDCAU,005b0000005D9u0AAC,TRUE
0Ywb00000046OtECAU,005b0000005D9u1AAC,TRUE
0Ywb00000046OtJCAU,005b0000005D9u6AAC,TRUE
0Ywb00000046Oz7CAE,005b0000005D9zuAAC,TRUE
0Ywb00000046Oz9CAE,005b0000005D9zwAAC,TRUE
0Ywb00000046OzACAU,005b0000005D9zxAAC,TRUE
0Ywb00000046OzBCAU,005b0000005D9zyAAC,TRUE
0Ywb00000046OzCCAU,005b0000005D9zzAAC,TRUE
0Ywb00000046OzECAU,005b0000005DA01AAG,TRUE
0Ywb00000046OzFCAU,005b0000005DA02AAG,TRUE
0Ywb00000047jTICAY,005b000000673jmAAA,TRUE
0Ywb00000047jXyCAI,005b000000673oSAAQ,TRUE
0Ywb0000004pQI4CAM,005b00000068oPHAAY,TRUE
0Ywb0000004pQInCAM,005b00000068oQAAAY,TRUE
0Ywb0000004pQLNCA2,005b00000068oSkAAI,TRUE
0Ywb0000004pRE3CAM,005b00000068pOPAAY,TRUE
0Ywb00000022ABLCA2,005b0000002ShYGAA0,TRUE
0Ywb00000025m7wCAA,005b0000003XIfpAAG,TRUE
0Ywb00000025tS8CAI,005b0000003XQ2gAAG,TRUE
0Ywb00000025wnYCAQ,005b0000003XTOaAAO,TRUE
0Ywb0000002hyZyCAI,005b0000003bE81AAE,TRUE
0Ywb0000003B5EMCA0,005b0000005AJ2lAAG,TRUE
0Ywb00000043saeCAA,005b0000005AZxJAAW,TRUE
0Ywb00000043tTKCAY,005b0000005AatSAAS,TRUE
0Ywb00000043uHyCAI,005b0000005AbkvAAC,TRUE
0Ywb00000043uLWCAY,005b0000005AbodAAC,TRUE
0Ywb00000046OjLCAU,005b0000005D9k8AAC,TRUE
0Ywb00000046OjMCAU,005b0000005D9k9AAC,TRUE
0Ywb00000046OjNCAU,005b0000005D9kAAAS,TRUE
0Ywb00000046OjOCAU,005b0000005D9kBAAS,TRUE
0Ywb00000046OjPCAU,005b0000005D9kCAAS,TRUE
0Ywb00000046OjQCAU,005b0000005D9kDAAS,TRUE
0Ywb00000046OjRCAU,005b0000005D9kEAAS,TRUE
0Ywb00000046OjSCAU,005b0000005D9kFAAS,TRUE
0Ywb00000046OjTCAU,005b0000005D9kGAAS,TRUE
0Ywb00000046OjUCAU,005b0000005D9kHAAS,TRUE
0Ywb00000046OluCAE,005b0000005D9mhAAC,TRUE
0Ywb00000046OlvCAE,005b0000005D9miAAC,TRUE
0Ywb00000046OlwCAE,005b0000005D9mjAAC,TRUE
0Ywb00000046OlxCAE,005b0000005D9mkAAC,TRUE
0Ywb00000046OlyCAE,005b0000005D9mlAAC,TRUE
0Ywb00000046OlzCAE,005b0000005D9mmAAC,TRUE
0Ywb00000046Om0CAE,005b0000005D9mnAAC,TRUE
0Ywb00000046Om1CAE,005b0000005D9moAAC,TRUE
0Ywb00000046Om2CAE,005b0000005D9mpAAC,TRUE
0Ywb00000046Om3CAE,005b0000005D9mqAAC,TRUE
0Ywb00000046OoSCAU,005b0000005D9pFAAS,TRUE
0Ywb00000046OoUCAU,005b0000005D9pHAAS,TRUE
0Ywb00000046OoVCAU,005b0000005D9pIAAS,TRUE
0Ywb00000046OqsCAE,005b0000005D9rfAAC,TRUE
0Ywb00000046OquCAE,005b0000005D9rhAAC,TRUE
0Ywb00000046OqvCAE,005b0000005D9riAAC,TRUE
0Ywb00000046OqwCAE,005b0000005D9rjAAC,TRUE
0Ywb00000046OqxCAE,005b0000005D9rkAAC,TRUE
0Ywb00000046OtNCAU,005b0000005D9uAAAS,TRUE
0Ywb00000046OtOCAU,005b0000005D9uBAAS,TRUE
0Ywb00000046OtPCAU,005b0000005D9uCAAS,TRUE
0Ywb00000046OtRCAU,005b0000005D9uEAAS,TRUE
0Ywb00000046OtSCAU,005b0000005D9uFAAS,TRUE
0Ywb00000046OzHCAU,005b0000005DA04AAG,TRUE
0Ywb00000046OzICAU,005b0000005DA05AAG,TRUE
0Ywb00000046OzJCAU,005b0000005DA06AAG,TRUE
0Ywb00000046OzKCAU,005b0000005DA07AAG,TRUE
0Ywb00000046OzLCAU,005b0000005DA08AAG,TRUE
0Ywb00000046OzMCAU,005b0000005DA09AAG,TRUE
0Ywb00000046OzPCAU,005b0000005DA0CAAW,TRUE
0Ywb00000046OzQCAU,005b0000005DA0DAAW,TRUE
0Ywb00000047m0iCAA,005b000000676K1AAI,TRUE
0Ywb00000047m0sCAA,005b000000676KBAAY,TRUE
0Ywb00000047m0xCAA,005b000000676KGAAY,TRUE
0Ywb00000047mxBCAQ,005b000000677HhAAI,TRUE
0Ywb0000004pSQZCA2,005b00000068qfWAAQ,TRUE
0Ywb0000004pSrpCAE,005b00000068r92AAA,TRUE
0Ywb0000004pSruCAE,005b00000068r97AAA,TRUE
0Ywb0000004pT9jCAE,005b00000068rSJAAY,TRUE
0Ywb00000022SKGCA2,005b0000002SzuPAAS,TRUE
0Ywb00000037pLzCAI,005b0000003pEbBAAU,TRUE
0Ywb00000037xnSCAQ,005b0000003pNGlAAM,TRUE
0Ywb00000043wudCAA,005b0000005AeX6AAK,TRUE
0Ywb00000043xvcCAA,005b0000005Afe8AAC,TRUE
0Ywb00000043xzjCAA,005b0000005Afj3AAC,TRUE
0Ywb00000044oSsCAI,005b0000005BWroAAG,TRUE
0Ywb00000046OjVCAU,005b0000005D9kIAAS,TRUE
0Ywb00000046OjWCAU,005b0000005D9kJAAS,TRUE
0Ywb00000046OjXCAU,005b0000005D9kKAAS,TRUE
0Ywb00000046OjYCAU,005b0000005D9kLAAS,TRUE
0Ywb00000046OjZCAU,005b0000005D9kMAAS,TRUE
0Ywb00000046OjaCAE,005b0000005D9kNAAS,TRUE
0Ywb00000046OjbCAE,005b0000005D9kOAAS,TRUE
0Ywb00000046OjcCAE,005b0000005D9kPAAS,TRUE
0Ywb00000046OjdCAE,005b0000005D9kQAAS,TRUE
0Ywb00000046OjeCAE,005b0000005D9kRAAS,TRUE
0Ywb00000046Om4CAE,005b0000005D9mrAAC,TRUE
0Ywb00000046Om5CAE,005b0000005D9msAAC,TRUE
0Ywb00000046Om6CAE,005b0000005D9mtAAC,TRUE
0Ywb00000046Om7CAE,005b0000005D9muAAC,TRUE
0Ywb00000046Om8CAE,005b0000005D9mvAAC,TRUE
0Ywb00000046OmACAU,005b0000005D9mxAAC,TRUE
0Ywb00000046OmBCAU,005b0000005D9myAAC,TRUE
0Ywb00000046OmCCAU,005b0000005D9mzAAC,TRUE
0Ywb00000046OmDCAU,005b0000005D9n0AAC,TRUE
0Ywb00000046OoXCAU,005b0000005D9pKAAS,TRUE
0Ywb00000046OoZCAU,005b0000005D9pMAAS,TRUE
0Ywb00000046OoaCAE,005b0000005D9pNAAS,TRUE
0Ywb00000046OocCAE,005b0000005D9pPAAS,TRUE
0Ywb00000046OodCAE,005b0000005D9pQAAS,TRUE
0Ywb00000046OofCAE,005b0000005D9pSAAS,TRUE
0Ywb00000046Or0CAE,005b0000005D9rnAAC,TRUE
0Ywb00000046Or2CAE,005b0000005D9rpAAC,TRUE
0Ywb00000046Or4CAE,005b0000005D9rrAAC,TRUE
0Ywb00000046Or6CAE,005b0000005D9rtAAC,TRUE
0Ywb00000046Or7CAE,005b0000005D9ruAAC,TRUE
0Ywb00000046OtUCAU,005b0000005D9uHAAS,TRUE
0Ywb00000046OtYCAU,005b0000005D9uLAAS,TRUE
0Ywb00000046OzSCAU,005b0000005DA0FAAW,TRUE
0Ywb00000046OzTCAU,005b0000005DA0GAAW,TRUE
0Ywb00000046OzUCAU,005b0000005DA0HAAW,TRUE
0Ywb00000046OzYCAU,005b0000005DA0LAAW,TRUE
0Ywb00000046OzaCAE,005b0000005DA0NAAW,TRUE
0Ywb00000046OzbCAE,005b0000005DA0OAAW,TRUE
0Ywb00000047mxzCAA,005b000000677IVAAY,TRUE
0Ywb0000004pWDUCA2,005b00000068uZhAAI,TRUE
0Ywb0000004pWE3CAM,005b00000068uaGAAQ,TRUE
0Ywb0000004pb5aCAA,005b00000068zWxAAI,TRUE
0Ywb000000389V6CAI,005b0000003pZA6AAM,TRUE
0Ywb00000045El7CAE,005b0000005BxWdAAK,TRUE
0Ywb00000045LkBCAU,005b0000005C4bfAAC,TRUE
0Ywb00000045LlJCAU,005b0000005C4cnAAC,TRUE
0Ywb00000045M9kCAE,005b0000005C527AAC,TRUE
0Ywb00000045TMqCAM,005b0000005CCQkAAO,TRUE
0Ywb00000046OjfCAE,005b0000005D9kSAAS,TRUE
0Ywb00000046OjgCAE,005b0000005D9kTAAS,TRUE
0Ywb00000046OjhCAE,005b0000005D9kUAAS,TRUE
0Ywb00000046OjiCAE,005b0000005D9kVAAS,TRUE
0Ywb00000046OjjCAE,005b0000005D9kWAAS,TRUE
0Ywb00000046OjkCAE,005b0000005D9kXAAS,TRUE
0Ywb00000046OjlCAE,005b0000005D9kYAAS,TRUE
0Ywb00000046OjmCAE,005b0000005D9kZAAS,TRUE
0Ywb00000046OjnCAE,005b0000005D9kaAAC,TRUE
0Ywb00000046OmECAU,005b0000005D9n1AAC,TRUE
0Ywb00000046OmFCAU,005b0000005D9n2AAC,TRUE
0Ywb00000046OmGCAU,005b0000005D9n3AAC,TRUE
0Ywb00000046OmHCAU,005b0000005D9n4AAC,TRUE
0Ywb00000046OmICAU,005b0000005D9n5AAC,TRUE
0Ywb00000046OmJCAU,005b0000005D9n6AAC,TRUE
0Ywb00000046OmLCAU,005b0000005D9n8AAC,TRUE
0Ywb00000046OmMCAU,005b0000005D9n9AAC,TRUE
0Ywb00000046OmNCAU,005b0000005D9nAAAS,TRUE
0Ywb00000046OohCAE,005b0000005D9pUAAS,TRUE
0Ywb00000046OojCAE,005b0000005D9pWAAS,TRUE
0Ywb00000046OokCAE,005b0000005D9pXAAS,TRUE
0Ywb00000046OomCAE,005b0000005D9pZAAS,TRUE
0Ywb00000046OooCAE,005b0000005D9pbAAC,TRUE
0Ywb00000046OopCAE,005b0000005D9pcAAC,TRUE
0Ywb00000046OoqCAE,005b0000005D9pdAAC,TRUE
0Ywb00000046Or8CAE,005b0000005D9rvAAC,TRUE
0Ywb00000046Or9CAE,005b0000005D9rwAAC,TRUE
0Ywb00000046OrACAU,005b0000005D9rxAAC,TRUE
0Ywb00000046OrBCAU,005b0000005D9ryAAC,TRUE
0Ywb00000046OrCCAU,005b0000005D9rzAAC,TRUE
0Ywb00000046OrDCAU,005b0000005D9s0AAC,TRUE
0Ywb00000046OrECAU,005b0000005D9s1AAC,TRUE
0Ywb00000046OtfCAE,005b0000005D9uSAAS,TRUE
0Ywb00000046OtgCAE,005b0000005D9uTAAS,TRUE
0Ywb00000046OthCAE,005b0000005D9uUAAS,TRUE
0Ywb00000046OtiCAE,005b0000005D9uVAAS,TRUE
0Ywb00000046OtjCAE,005b0000005D9uWAAS,TRUE
0Ywb00000046OtkCAE,005b0000005D9uXAAS,TRUE
0Ywb00000046OtmCAE,005b0000005D9uZAAS,TRUE
0Ywb00000046OzeCAE,005b0000005DA0RAAW,TRUE
0Ywb00000046OzjCAE,005b0000005DA0WAAW,TRUE
0Ywb00000046OzkCAE,005b0000005DA0XAAW,TRUE
0Ywb00000046OzrCAE,005b0000005DA0gAAG,TRUE
0Ywb00000046OzwCAE,005b0000005DA0mAAG,TRUE
0Ywb00000047nKtCAI,005b000000677fjAAA,TRUE
0Ywb00000047qjICAQ,005b00000067B51AAE,TRUE
0Ywb0000004pbP1CAI,005b00000068zqdAAA,TRUE
0Ywb0000004pdQGCAY,005b000000691uDAAQ,TRUE
0Ywb0000004pdSHCAY,005b000000691wEAAQ,TRUE
0Ywb00000023nLHCAY,005b0000002UMI6AAO,TRUE
0Ywb00000023nQbCAI,005b0000002UMNzAAO,TRUE
0Ywb00000023ndfCAA,005b0000002UMbSAAW,TRUE
0Ywb00000045ezPCAQ,005b0000005CON9AAO,TRUE
0Ywb00000045ezZCAQ,005b0000005CONJAA4,TRUE
0Ywb00000045ezeCAA,005b0000005CONOAA4,TRUE
0Ywb00000045vr8CAA,005b0000005CgSMAA0,TRUE
0Ywb00000046OjpCAE,005b0000005D9kcAAC,TRUE
0Ywb00000046OjqCAE,005b0000005D9kdAAC,TRUE
0Ywb00000046OjrCAE,005b0000005D9keAAC,TRUE
0Ywb00000046OjsCAE,005b0000005D9kfAAC,TRUE
0Ywb00000046OjtCAE,005b0000005D9kgAAC,TRUE
0Ywb00000046OjuCAE,005b0000005D9khAAC,TRUE
0Ywb00000046OjvCAE,005b0000005D9kiAAC,TRUE
0Ywb00000046OjwCAE,005b0000005D9kjAAC,TRUE
0Ywb00000046OmPCAU,005b0000005D9nCAAS,TRUE
0Ywb00000046OmRCAU,005b0000005D9nEAAS,TRUE
0Ywb00000046OmSCAU,005b0000005D9nFAAS,TRUE
0Ywb00000046OmUCAU,005b0000005D9nHAAS,TRUE
0Ywb00000046OmWCAU,005b0000005D9nJAAS,TRUE
0Ywb00000046OmXCAU,005b0000005D9nKAAS,TRUE
0Ywb00000046OorCAE,005b0000005D9peAAC,TRUE
0Ywb00000046OouCAE,005b0000005D9phAAC,TRUE
0Ywb00000046OovCAE,005b0000005D9piAAC,TRUE
0Ywb00000046OowCAE,005b0000005D9pjAAC,TRUE
0Ywb00000046OoyCAE,005b0000005D9plAAC,TRUE
0Ywb00000046OozCAE,005b0000005D9pmAAC,TRUE
0Ywb00000046Op0CAE,005b0000005D9pnAAC,TRUE
0Ywb00000046OrGCAU,005b0000005D9s3AAC,TRUE
0Ywb00000046OrICAU,005b0000005D9s5AAC,TRUE
0Ywb00000046OrJCAU,005b0000005D9s6AAC,TRUE
0Ywb00000046OrKCAU,005b0000005D9s7AAC,TRUE
0Ywb00000046OrMCAU,005b0000005D9s9AAC,TRUE
0Ywb00000046OrNCAU,005b0000005D9sAAAS,TRUE
0Ywb00000046OtuCAE,005b0000005D9uhAAC,TRUE
0Ywb00000046OtvCAE,005b0000005D9uiAAC,TRUE
0Ywb00000046OtxCAE,005b0000005D9ukAAC,TRUE
0Ywb00000046Ph8CAE,005b0000005DAkBAAW,TRUE
0Ywb00000046SbSCAU,005b0000005DDfTAAW,TRUE
0Ywb00000046ZR0CAM,005b0000005DKZ3AAO,TRUE
0Ywb00000047sz3CAA,005b00000067DLuAAM,TRUE
0Ywb00000047szICAQ,005b00000067DM9AAM,TRUE
0Ywb0000004pdXlCAI,005b0000006921nAAA,TRUE
0Ywb0000004pdcWCAQ,005b0000006926YAAQ,TRUE
0Ywb0000004pdjXCAQ,005b000000692DZAAY,TRUE
0Ywb00000038lmjCAA,005b0000003qBydAAE,TRUE
0Ywb00000039FofCAE,005b0000003qgYCAAY,TRUE
0Ywb00000039FpJCAU,005b0000003qgYvAAI,TRUE
0Ywb00000039GaPCAU,005b0000003qhLdAAI,TRUE
0Ywb00000039oaECAQ,005b0000003rFlpAAE,TRUE
0Ywb00000046IkKCAU,005b0000005D3gbAAC,TRUE
0Ywb00000046N0qCAE,005b0000005D7zXAAS,TRUE
0Ywb00000046N1jCAE,005b0000005D80QAAS,TRUE
0Ywb00000046N3LCAU,005b0000005D822AAC,TRUE
0Ywb00000046OjzCAE,005b0000005D9kmAAC,TRUE
0Ywb00000046Ok0CAE,005b0000005D9knAAC,TRUE
0Ywb00000046Ok1CAE,005b0000005D9koAAC,TRUE
0Ywb00000046Ok2CAE,005b0000005D9kpAAC,TRUE
0Ywb00000046Ok3CAE,005b0000005D9kqAAC,TRUE
0Ywb00000046Ok4CAE,005b0000005D9krAAC,TRUE
0Ywb00000046Ok5CAE,005b0000005D9ksAAC,TRUE
0Ywb00000046Ok6CAE,005b0000005D9ktAAC,TRUE
0Ywb00000046Ok7CAE,005b0000005D9kuAAC,TRUE
0Ywb00000046Ok8CAE,005b0000005D9kvAAC,TRUE
0Ywb00000046OmYCAU,005b0000005D9nLAAS,TRUE
0Ywb00000046OmaCAE,005b0000005D9nNAAS,TRUE
0Ywb00000046OmbCAE,005b0000005D9nOAAS,TRUE
0Ywb00000046OmcCAE,005b0000005D9nPAAS,TRUE
0Ywb00000046OmdCAE,005b0000005D9nQAAS,TRUE
0Ywb00000046OmeCAE,005b0000005D9nRAAS,TRUE
0Ywb00000046OmfCAE,005b0000005D9nSAAS,TRUE
0Ywb00000046Op2CAE,005b0000005D9ppAAC,TRUE
0Ywb00000046Op3CAE,005b0000005D9pqAAC,TRUE
0Ywb00000046Op4CAE,005b0000005D9prAAC,TRUE
0Ywb00000046Op6CAE,005b0000005D9ptAAC,TRUE
0Ywb00000046Op7CAE,005b0000005D9puAAC,TRUE
0Ywb00000046Op8CAE,005b0000005D9pvAAC,TRUE
0Ywb00000046Op9CAE,005b0000005D9pwAAC,TRUE
0Ywb00000046OrOCAU,005b0000005D9sBAAS,TRUE
0Ywb00000046OrPCAU,005b0000005D9sCAAS,TRUE
0Ywb00000046OrSCAU,005b0000005D9sFAAS,TRUE
0Ywb00000046OrVCAU,005b0000005D9sIAAS,TRUE
0Ywb00000046Ou2CAE,005b0000005D9upAAC,TRUE
0Ywb00000046Ou9CAE,005b0000005D9uwAAC,TRUE
0Ywb00000046OuACAU,005b0000005D9uxAAC,TRUE
0Ywb00000046f2kCAA,005b0000005DQJGAA4,TRUE
0Ywb00000046mNfCAI,005b0000005DXjaAAG,TRUE
0Ywb00000046mNgCAI,005b0000005DXjbAAG,TRUE
0Ywb00000046mNiCAI,005b0000005DXjdAAG,TRUE
0Ywb00000046mNjCAI,005b0000005DXjeAAG,TRUE
0Ywb00000046mNkCAI,005b0000005DXjfAAG,TRUE
0Ywb00000046mNlCAI,005b0000005DXjgAAG,TRUE
0Ywb00000046mNmCAI,005b0000005DXjhAAG,TRUE
0Ywb00000046mNnCAI,005b0000005DXjiAAG,TRUE
0Ywb00000047tm5CAA,005b00000067E9VAAU,TRUE
0Ywb00000047tmACAQ,005b00000067E9aAAE,TRUE
0Ywb0000004peR5CAI,005b000000692vvAAA,TRUE
0Ywb0000004Wf8cCAC,005b0000006nDmGAAU,TRUE
0Ywb0000004WfjiCAC,005b0000006nEPXAA2,TRUE
0Ywb0000004WghsCAC,005b0000006nFOaAAM,TRUE
0Ywb0000004WhrPCAS,005b0000006nGZKAA2,TRUE
0Ywb00000039pvhCAA,005b0000003rHBZAA2,TRUE
0Ywb00000046N6ACAU,005b0000005D84rAAC,TRUE
0Ywb00000046NHhCAM,005b0000005D8GOAA0,TRUE
0Ywb00000046NI1CAM,005b0000005D8GiAAK,TRUE
0Ywb00000046NIaCAM,005b0000005D8HHAA0,TRUE
0Ywb00000046OkACAU,005b0000005D9kxAAC,TRUE
0Ywb00000046OkBCAU,005b0000005D9kyAAC,TRUE
0Ywb00000046OkFCAU,005b0000005D9l2AAC,TRUE
0Ywb00000046OkGCAU,005b0000005D9l3AAC,TRUE
0Ywb00000046OkHCAU,005b0000005D9l4AAC,TRUE
0Ywb00000046OkICAU,005b0000005D9l5AAC,TRUE
0Ywb00000046OmjCAE,005b0000005D9nWAAS,TRUE
0Ywb00000046OmlCAE,005b0000005D9nYAAS,TRUE
0Ywb00000046OmpCAE,005b0000005D9ncAAC,TRUE
0Ywb00000046OpACAU,005b0000005D9pxAAC,TRUE
0Ywb00000046OpCCAU,005b0000005D9pzAAC,TRUE
0Ywb00000046OpDCAU,005b0000005D9q0AAC,TRUE
0Ywb00000046OpECAU,005b0000005D9q1AAC,TRUE
0Ywb00000046OpFCAU,005b0000005D9q2AAC,TRUE
0Ywb00000046OpGCAU,005b0000005D9q3AAC,TRUE
0Ywb00000046OpHCAU,005b0000005D9q4AAC,TRUE
0Ywb00000046OrWCAU,005b0000005D9sJAAS,TRUE
0Ywb00000046OrXCAU,005b0000005D9sKAAS,TRUE
0Ywb00000046OrYCAU,005b0000005D9sLAAS,TRUE
0Ywb00000046OrZCAU,005b0000005D9sMAAS,TRUE
0Ywb00000046OrbCAE,005b0000005D9sOAAS,TRUE
0Ywb00000046OrcCAE,005b0000005D9sPAAS,TRUE
0Ywb00000046OrdCAE,005b0000005D9sQAAS,TRUE
0Ywb00000046OuBCAU,005b0000005D9uyAAC,TRUE
0Ywb00000046OuCCAU,005b0000005D9uzAAC,TRUE
0Ywb00000046OuDCAU,005b0000005D9v0AAC,TRUE
0Ywb00000046OuFCAU,005b0000005D9v2AAC,TRUE
0Ywb00000046OuGCAU,005b0000005D9v3AAC,TRUE
0Ywb00000046OuHCAU,005b0000005D9v4AAC,TRUE
0Ywb00000046OuICAU,005b0000005D9v5AAC,TRUE
0Ywb00000046OuJCAU,005b0000005D9v6AAC,TRUE
0Ywb00000046mNoCAI,005b0000005DXjjAAG,TRUE
0Ywb00000046mNpCAI,005b0000005DXjkAAG,TRUE
0Ywb00000046rR8CAI,005b0000005DcoQAAS,TRUE
0Ywb00000046rWXCAY,005b0000005DcunAAC,TRUE
0Ywb00000046rWmCAI,005b0000005Dcv2AAC,TRUE
0Ywb00000046rXbCAI,005b0000005DcvrAAC,TRUE
0Ywb00000046rXcCAI,005b0000005DcvsAAC,TRUE
0Ywb0000004o0rkCAA,005b00000067NseAAE,TRUE
0Ywb0000004o1wqCAA,005b00000067P1DAAU,TRUE
0Ywb0000004o1wvCAA,005b00000067P1IAAU,TRUE
0Ywb0000004o5JTCAY,005b00000067SOeAAM,TRUE
0Ywb0000004oF6KCAU,005b00000067cQfAAI,TRUE
0Ywb0000004oFxdCAE,005b00000067dJQAAY,TRUE
0Ywb0000004oFyMCAU,005b00000067dK9AAI,TRUE
0Ywb0000004oSLDCA2,005b00000067pmKAAQ,TRUE
0Ywb0000004WhrtCAC,005b0000006nGZoAAM,TRUE
0Ywb0000004WjDRCA0,005b0000006nHxNAAU,TRUE
0Ywb0000004WkCPCA0,005b0000006nIyWAAU,TRUE
0Ywb0000004WkCUCA0,005b0000006nIybAAE,TRUE
0Ywb0000004WllaCAC,005b0000006nKYVAA2,TRUE
0Ywb00000024MnzCAE,005b0000002UwCKAA0,TRUE
0Ywb00000024QrRCAU,005b0000002V0I7AAK,TRUE
0Ywb00000024WJzCAM,005b0000002V5ppAAC,TRUE
